time_s,ground_truth,A,B,C
0.0,NORMAL,NORMAL,NORMAL,NORMAL
0.1,NORMAL,NORMAL,NORMAL,NORMAL
0.2,NORMAL,NORMAL,NORMAL,NORMAL
0.3,NORMAL,NORMAL,NORMAL,NORMAL
0.4,NORMAL,NORMAL,NORMAL,NORMAL
0.5,NORMAL,NORMAL,NORMAL,NORMAL
0.6,NORMAL,NORMAL,NORMAL,NORMAL
0.7,NORMAL,NORMAL,NORMAL,NORMAL
0.8,NORMAL,NORMAL,NORMAL,NORMAL
0.9,NORMAL,NORMAL,NORMAL,NORMAL
1.0,NORMAL,NORMAL,NORMAL,NORMAL
1.1,NORMAL,NORMAL,NORMAL,NORMAL
1.2,NORMAL,NORMAL,NORMAL,NORMAL
1.3,NORMAL,NORMAL,NORMAL,NORMAL
1.4,NORMAL,NORMAL,NORMAL,NORMAL
1.5,NORMAL,NORMAL,NORMAL,NORMAL
1.6,NORMAL,NORMAL,NORMAL,NORMAL
1.7,NORMAL,NORMAL,NORMAL,NORMAL
1.8,NORMAL,NORMAL,NORMAL,NORMAL
1.9,NORMAL,NORMAL,NORMAL,NORMAL
2.0,NORMAL,NORMAL,NORMAL,NORMAL
2.1,NORMAL,NORMAL,NORMAL,NORMAL
2.2,NORMAL,NORMAL,NORMAL,NORMAL
2.3,NORMAL,NORMAL,NORMAL,NORMAL
2.4,NORMAL,NORMAL,NORMAL,NORMAL
2.5,NORMAL,NORMAL,NORMAL,NORMAL
2.6,NORMAL,NORMAL,NORMAL,NORMAL
2.7,NORMAL,NORMAL,NORMAL,NORMAL
2.8,NORMAL,NORMAL,NORMAL,NORMAL
2.9,NORMAL,NORMAL,NORMAL,NORMAL
3.0,NORMAL,NORMAL,NORMAL,NORMAL
3.1,NORMAL,NORMAL,NORMAL,NORMAL
3.2,NORMAL,NORMAL,NORMAL,NORMAL
3.3,NORMAL,NORMAL,NORMAL,NORMAL
3.4,NORMAL,NORMAL,NORMAL,NORMAL
3.5,NORMAL,NORMAL,NORMAL,NORMAL
3.6,NORMAL,NORMAL,NORMAL,NORMAL
3.7,NORMAL,NORMAL,NORMAL,NORMAL
3.8,NORMAL,NORMAL,NORMAL,NORMAL
3.9,NORMAL,NORMAL,NORMAL,NORMAL
4.0,NORMAL,NORMAL,NORMAL,NORMAL
4.1,NORMAL,NORMAL,NORMAL,NORMAL
4.2,NORMAL,NORMAL,NORMAL,NORMAL
4.3,NORMAL,NORMAL,NORMAL,NORMAL
4.4,NORMAL,NORMAL,NORMAL,NORMAL
4.5,NORMAL,NORMAL,NORMAL,NORMAL
4.6,NORMAL,NORMAL,NORMAL,NORMAL
4.7,NORMAL,NORMAL,NORMAL,NORMAL
4.8,NORMAL,NORMAL,NORMAL,NORMAL
4.9,NORMAL,NORMAL,NORMAL,NORMAL
5.0,NORMAL,NORMAL,NORMAL,NORMAL
5.1,NORMAL,NORMAL,NORMAL,NORMAL
5.2,NORMAL,NORMAL,NORMAL,NORMAL
5.3,NORMAL,NORMAL,NORMAL,NORMAL
5.4,NORMAL,NORMAL,NORMAL,NORMAL
5.5,NORMAL,NORMAL,NORMAL,NORMAL
5.6,NORMAL,NORMAL,NORMAL,NORMAL
5.7,NORMAL,NORMAL,NORMAL,NORMAL
5.8,NORMAL,NORMAL,NORMAL,NORMAL
5.9,NORMAL,NORMAL,NORMAL,NORMAL
6.0,NORMAL,NORMAL,NORMAL,NORMAL
6.1,NORMAL,NORMAL,NORMAL,NORMAL
6.2,NORMAL,NORMAL,NORMAL,NORMAL
6.3,NORMAL,NORMAL,NORMAL,NORMAL
6.4,NORMAL,NORMAL,NORMAL,NORMAL
6.5,NORMAL,NORMAL,NORMAL,NORMAL
6.6,NORMAL,NORMAL,NORMAL,NORMAL
6.7,NORMAL,NORMAL,NORMAL,NORMAL
6.8,NORMAL,NORMAL,NORMAL,NORMAL
6.9,NORMAL,NORMAL,NORMAL,NORMAL
7.0,NORMAL,NORMAL,NORMAL,NORMAL
7.1,NORMAL,NORMAL,NORMAL,NORMAL
7.2,NORMAL,NORMAL,NORMAL,NORMAL
7.3,NORMAL,NORMAL,NORMAL,NORMAL
7.4,NORMAL,NORMAL,NORMAL,NORMAL
7.5,NORMAL,NORMAL,NORMAL,NORMAL
7.6,NORMAL,NORMAL,NORMAL,NORMAL
7.7,NORMAL,NORMAL,NORMAL,NORMAL
7.8,NORMAL,NORMAL,NORMAL,NORMAL
7.9,NORMAL,NORMAL,NORMAL,NORMAL
8.0,NORMAL,NORMAL,NORMAL,NORMAL
8.1,NORMAL,NORMAL,NORMAL,NORMAL
8.2,NORMAL,NORMAL,NORMAL,NORMAL
8.3,NORMAL,NORMAL,NORMAL,NORMAL
8.4,NORMAL,NORMAL,NORMAL,NORMAL
8.5,NORMAL,NORMAL,NORMAL,NORMAL
8.6,NORMAL,NORMAL,NORMAL,NORMAL
8.7,NORMAL,NORMAL,NORMAL,NORMAL
8.8,NORMAL,NORMAL,NORMAL,NORMAL
8.9,NORMAL,NORMAL,NORMAL,NORMAL
9.0,NORMAL,NORMAL,NORMAL,NORMAL
9.1,NORMAL,NORMAL,NORMAL,NORMAL
9.2,NORMAL,NORMAL,NORMAL,NORMAL
9.3,NORMAL,NORMAL,NORMAL,NORMAL
9.4,NORMAL,NORMAL,NORMAL,NORMAL
9.5,NORMAL,NORMAL,NORMAL,NORMAL
9.6,NORMAL,NORMAL,NORMAL,NORMAL
9.7,NORMAL,NORMAL,NORMAL,NORMAL
9.8,NORMAL,NORMAL,NORMAL,NORMAL
9.9,NORMAL,NORMAL,NORMAL,NORMAL
10.0,NORMAL,NORMAL,NORMAL,NORMAL
10.1,NORMAL,NORMAL,NORMAL,NORMAL
10.2,NORMAL,NORMAL,NORMAL,NORMAL
10.3,NORMAL,NORMAL,NORMAL,NORMAL
10.4,NORMAL,NORMAL,NORMAL,NORMAL
10.5,NORMAL,NORMAL,NORMAL,NORMAL
10.6,NORMAL,NORMAL,NORMAL,NORMAL
10.7,NORMAL,NORMAL,NORMAL,NORMAL
10.8,NORMAL,NORMAL,NORMAL,NORMAL
10.9,NORMAL,NORMAL,NORMAL,NORMAL
11.0,NORMAL,NORMAL,NORMAL,NORMAL
11.1,NORMAL,NORMAL,NORMAL,NORMAL
11.2,NORMAL,NORMAL,NORMAL,NORMAL
11.3,NORMAL,NORMAL,NORMAL,NORMAL
11.4,NORMAL,NORMAL,NORMAL,NORMAL
11.5,NORMAL,NORMAL,NORMAL,NORMAL
11.6,NORMAL,NORMAL,NORMAL,NORMAL
11.7,NORMAL,NORMAL,NORMAL,NORMAL
11.8,NORMAL,NORMAL,NORMAL,NORMAL
11.9,NORMAL,NORMAL,NORMAL,NORMAL
12.0,NORMAL,NORMAL,NORMAL,NORMAL
12.1,NORMAL,NORMAL,NORMAL,NORMAL
12.2,NORMAL,NORMAL,NORMAL,NORMAL
12.3,NORMAL,NORMAL,NORMAL,NORMAL
12.4,NORMAL,NORMAL,NORMAL,NORMAL
12.5,NORMAL,NORMAL,NORMAL,NORMAL
12.6,NORMAL,NORMAL,NORMAL,NORMAL
12.7,NORMAL,NORMAL,NORMAL,NORMAL
12.8,NORMAL,NORMAL,NORMAL,NORMAL
12.9,NORMAL,NORMAL,NORMAL,NORMAL
13.0,NORMAL,NORMAL,NORMAL,NORMAL
13.1,NORMAL,NORMAL,NORMAL,NORMAL
13.2,NORMAL,NORMAL,NORMAL,NORMAL
13.3,NORMAL,NORMAL,NORMAL,NORMAL
13.4,NORMAL,NORMAL,NORMAL,NORMAL
13.5,NORMAL,NORMAL,NORMAL,NORMAL
13.6,NORMAL,NORMAL,NORMAL,NORMAL
13.7,NORMAL,NORMAL,NORMAL,NORMAL
13.8,NORMAL,NORMAL,NORMAL,NORMAL
13.9,NORMAL,NORMAL,NORMAL,NORMAL
14.0,NORMAL,NORMAL,NORMAL,NORMAL
14.1,NORMAL,NORMAL,NORMAL,NORMAL
14.2,NORMAL,NORMAL,NORMAL,NORMAL
14.3,NORMAL,NORMAL,NORMAL,NORMAL
14.4,NORMAL,NORMAL,NORMAL,NORMAL
14.5,NORMAL,NORMAL,NORMAL,NORMAL
14.6,NORMAL,NORMAL,NORMAL,NORMAL
14.7,NORMAL,NORMAL,NORMAL,NORMAL
14.8,NORMAL,NORMAL,NORMAL,NORMAL
14.9,NORMAL,NORMAL,NORMAL,NORMAL
15.0,NORMAL,NORMAL,NORMAL,NORMAL
15.1,NORMAL,NORMAL,NORMAL,NORMAL
15.2,NORMAL,NORMAL,NORMAL,NORMAL
15.3,NORMAL,NORMAL,NORMAL,NORMAL
15.4,NORMAL,NORMAL,NORMAL,NORMAL
15.5,NORMAL,NORMAL,NORMAL,NORMAL
15.6,NORMAL,NORMAL,NORMAL,NORMAL
15.7,NORMAL,NORMAL,NORMAL,NORMAL
15.8,NORMAL,NORMAL,NORMAL,NORMAL
15.9,NORMAL,NORMAL,NORMAL,NORMAL
16.0,NORMAL,NORMAL,NORMAL,NORMAL
16.1,NORMAL,NORMAL,NORMAL,NORMAL
16.2,NORMAL,NORMAL,NORMAL,NORMAL
16.3,NORMAL,NORMAL,NORMAL,NORMAL
16.4,NORMAL,NORMAL,NORMAL,NORMAL
16.5,NORMAL,NORMAL,NORMAL,NORMAL
16.6,NORMAL,NORMAL,NORMAL,NORMAL
16.7,NORMAL,NORMAL,NORMAL,NORMAL
16.8,NORMAL,NORMAL,NORMAL,NORMAL
16.9,NORMAL,NORMAL,NORMAL,NORMAL
17.0,NORMAL,NORMAL,NORMAL,NORMAL
17.1,NORMAL,NORMAL,NORMAL,NORMAL
17.2,NORMAL,NORMAL,NORMAL,NORMAL
17.3,NORMAL,NORMAL,NORMAL,NORMAL
17.4,NORMAL,NORMAL,NORMAL,NORMAL
17.5,NORMAL,NORMAL,NORMAL,NORMAL
17.6,NORMAL,NORMAL,NORMAL,NORMAL
17.7,NORMAL,NORMAL,NORMAL,NORMAL
17.8,NORMAL,NORMAL,NORMAL,NORMAL
17.9,NORMAL,NORMAL,NORMAL,NORMAL
18.0,NORMAL,NORMAL,NORMAL,NORMAL
18.1,NORMAL,NORMAL,NORMAL,NORMAL
18.2,NORMAL,NORMAL,NORMAL,NORMAL
18.3,NORMAL,NORMAL,NORMAL,NORMAL
18.4,NORMAL,NORMAL,NORMAL,NORMAL
18.5,NORMAL,NORMAL,NORMAL,NORMAL
18.6,NORMAL,NORMAL,NORMAL,NORMAL
18.7,NORMAL,NORMAL,NORMAL,NORMAL
18.8,NORMAL,NORMAL,NORMAL,NORMAL
18.9,NORMAL,NORMAL,NORMAL,NORMAL
19.0,NORMAL,NORMAL,NORMAL,NORMAL
19.1,NORMAL,NORMAL,NORMAL,NORMAL
19.2,NORMAL,NORMAL,NORMAL,NORMAL
19.3,NORMAL,NORMAL,NORMAL,NORMAL
19.4,NORMAL,NORMAL,NORMAL,NORMAL
19.5,NORMAL,NORMAL,NORMAL,NORMAL
19.6,NORMAL,NORMAL,NORMAL,NORMAL
19.7,NORMAL,NORMAL,NORMAL,NORMAL
19.8,NORMAL,NORMAL,NORMAL,NORMAL
19.9,NORMAL,NORMAL,NORMAL,NORMAL
20.0,NORMAL,NORMAL,NORMAL,NORMAL
20.1,NORMAL,NORMAL,NORMAL,NORMAL
20.2,NORMAL,NORMAL,NORMAL,NORMAL
20.3,NORMAL,NORMAL,NORMAL,NORMAL
20.4,NORMAL,NORMAL,NORMAL,NORMAL
20.5,NORMAL,NORMAL,NORMAL,NORMAL
20.6,NORMAL,NORMAL,NORMAL,NORMAL
20.7,NORMAL,NORMAL,NORMAL,NORMAL
20.8,NORMAL,NORMAL,NORMAL,NORMAL
20.9,NORMAL,NORMAL,NORMAL,NORMAL
21.0,NORMAL,NORMAL,NORMAL,NORMAL
21.1,NORMAL,NORMAL,NORMAL,NORMAL
21.2,NORMAL,NORMAL,NORMAL,NORMAL
21.3,NORMAL,NORMAL,NORMAL,NORMAL
21.4,NORMAL,NORMAL,NORMAL,NORMAL
21.5,NORMAL,NORMAL,NORMAL,NORMAL
21.6,NORMAL,NORMAL,NORMAL,NORMAL
21.7,NORMAL,NORMAL,NORMAL,NORMAL
21.8,NORMAL,NORMAL,NORMAL,NORMAL
21.9,NORMAL,NORMAL,NORMAL,NORMAL
22.0,NORMAL,NORMAL,NORMAL,NORMAL
22.1,NORMAL,NORMAL,NORMAL,NORMAL
22.2,NORMAL,NORMAL,NORMAL,NORMAL
22.3,NORMAL,NORMAL,NORMAL,NORMAL
22.4,NORMAL,NORMAL,NORMAL,NORMAL
22.5,NORMAL,NORMAL,NORMAL,NORMAL
22.6,NORMAL,NORMAL,NORMAL,NORMAL
22.7,NORMAL,NORMAL,NORMAL,NORMAL
22.8,NORMAL,NORMAL,NORMAL,NORMAL
22.9,NORMAL,NORMAL,NORMAL,NORMAL
23.0,NORMAL,NORMAL,NORMAL,NORMAL
23.1,NORMAL,NORMAL,NORMAL,NORMAL
23.2,NORMAL,NORMAL,NORMAL,NORMAL
23.3,NORMAL,NORMAL,NORMAL,NORMAL
23.4,NORMAL,NORMAL,NORMAL,NORMAL
23.5,NORMAL,NORMAL,NORMAL,NORMAL
23.6,NORMAL,NORMAL,NORMAL,NORMAL
23.7,NORMAL,NORMAL,NORMAL,NORMAL
23.8,NORMAL,NORMAL,NORMAL,NORMAL
23.9,NORMAL,NORMAL,NORMAL,NORMAL
24.0,NORMAL,NORMAL,NORMAL,NORMAL
24.1,NORMAL,NORMAL,NORMAL,NORMAL
24.2,NORMAL,NORMAL,NORMAL,NORMAL
24.3,NORMAL,NORMAL,NORMAL,NORMAL
24.4,NORMAL,NORMAL,NORMAL,NORMAL
24.5,NORMAL,NORMAL,NORMAL,NORMAL
24.6,NORMAL,NORMAL,NORMAL,NORMAL
24.7,NORMAL,NORMAL,NORMAL,NORMAL
24.8,NORMAL,NORMAL,NORMAL,NORMAL
24.9,NORMAL,NORMAL,NORMAL,NORMAL
25.0,NORMAL,NORMAL,NORMAL,NORMAL
25.1,NORMAL,NORMAL,NORMAL,NORMAL
25.2,NORMAL,NORMAL,NORMAL,NORMAL
25.3,NORMAL,NORMAL,NORMAL,NORMAL
25.4,NORMAL,NORMAL,NORMAL,NORMAL
25.5,NORMAL,NORMAL,NORMAL,NORMAL
25.6,NORMAL,NORMAL,NORMAL,NORMAL
25.7,NORMAL,NORMAL,NORMAL,NORMAL
25.8,NORMAL,NORMAL,NORMAL,NORMAL
25.9,NORMAL,NORMAL,NORMAL,NORMAL
26.0,NORMAL,NORMAL,NORMAL,NORMAL
26.1,NORMAL,NORMAL,NORMAL,NORMAL
26.2,NORMAL,NORMAL,NORMAL,NORMAL
26.3,NORMAL,NORMAL,NORMAL,NORMAL
26.4,NORMAL,NORMAL,NORMAL,NORMAL
26.5,NORMAL,NORMAL,NORMAL,NORMAL
26.6,NORMAL,NORMAL,NORMAL,NORMAL
26.7,NORMAL,NORMAL,NORMAL,NORMAL
26.8,NORMAL,NORMAL,NORMAL,NORMAL
26.9,NORMAL,NORMAL,NORMAL,NORMAL
27.0,NORMAL,NORMAL,NORMAL,NORMAL
27.1,NORMAL,NORMAL,NORMAL,NORMAL
27.2,NORMAL,NORMAL,NORMAL,NORMAL
27.3,NORMAL,NORMAL,NORMAL,NORMAL
27.4,NORMAL,NORMAL,NORMAL,NORMAL
27.5,NORMAL,NORMAL,NORMAL,NORMAL
27.6,NORMAL,NORMAL,NORMAL,NORMAL
27.7,NORMAL,NORMAL,NORMAL,NORMAL
27.8,NORMAL,NORMAL,NORMAL,NORMAL
27.9,NORMAL,NORMAL,NORMAL,NORMAL
28.0,NORMAL,NORMAL,NORMAL,NORMAL
28.1,NORMAL,NORMAL,NORMAL,NORMAL
28.2,NORMAL,NORMAL,NORMAL,NORMAL
28.3,NORMAL,NORMAL,NORMAL,NORMAL
28.4,NORMAL,NORMAL,NORMAL,NORMAL
28.5,NORMAL,NORMAL,NORMAL,NORMAL
28.6,NORMAL,NORMAL,NORMAL,NORMAL
28.7,NORMAL,NORMAL,NORMAL,NORMAL
28.8,NORMAL,NORMAL,NORMAL,NORMAL
28.9,NORMAL,NORMAL,NORMAL,NORMAL
29.0,NORMAL,NORMAL,NORMAL,NORMAL
29.1,NORMAL,NORMAL,NORMAL,NORMAL
29.2,NORMAL,NORMAL,NORMAL,NORMAL
29.3,NORMAL,NORMAL,NORMAL,NORMAL
29.4,NORMAL,NORMAL,NORMAL,NORMAL
29.5,NORMAL,NORMAL,NORMAL,NORMAL
29.6,NORMAL,NORMAL,NORMAL,NORMAL
29.7,NORMAL,NORMAL,NORMAL,NORMAL
29.8,NORMAL,NORMAL,NORMAL,NORMAL
29.9,NORMAL,NORMAL,NORMAL,NORMAL
30.0,NORMAL,NORMAL,NORMAL,NORMAL
30.1,NORMAL,NORMAL,NORMAL,NORMAL
30.2,NORMAL,NORMAL,NORMAL,NORMAL
30.3,NORMAL,NORMAL,NORMAL,NORMAL
30.4,NORMAL,NORMAL,NORMAL,NORMAL
30.5,NORMAL,NORMAL,NORMAL,NORMAL
30.6,NORMAL,NORMAL,NORMAL,NORMAL
30.7,NORMAL,NORMAL,NORMAL,NORMAL
30.8,NORMAL,NORMAL,NORMAL,NORMAL
30.9,NORMAL,NORMAL,NORMAL,NORMAL
31.0,NORMAL,NORMAL,NORMAL,NORMAL
31.1,NORMAL,NORMAL,NORMAL,NORMAL
31.2,NORMAL,NORMAL,NORMAL,NORMAL
31.3,NORMAL,NORMAL,NORMAL,NORMAL
31.4,NORMAL,NORMAL,NORMAL,NORMAL
31.5,NORMAL,NORMAL,NORMAL,NORMAL
31.6,NORMAL,NORMAL,NORMAL,NORMAL
31.7,NORMAL,NORMAL,NORMAL,NORMAL
31.8,NORMAL,NORMAL,NORMAL,NORMAL
31.9,NORMAL,NORMAL,NORMAL,NORMAL
32.0,NORMAL,NORMAL,NORMAL,NORMAL
32.1,NORMAL,NORMAL,NORMAL,NORMAL
32.2,NORMAL,NORMAL,NORMAL,NORMAL
32.3,NORMAL,NORMAL,NORMAL,NORMAL
32.4,NORMAL,NORMAL,NORMAL,NORMAL
32.5,NORMAL,NORMAL,NORMAL,NORMAL
32.6,NORMAL,NORMAL,NORMAL,NORMAL
32.7,NORMAL,NORMAL,NORMAL,NORMAL
32.8,NORMAL,NORMAL,NORMAL,NORMAL
32.9,NORMAL,NORMAL,NORMAL,NORMAL
33.0,NORMAL,NORMAL,NORMAL,NORMAL
33.1,NORMAL,NORMAL,NORMAL,NORMAL
33.2,NORMAL,NORMAL,NORMAL,NORMAL
33.3,NORMAL,NORMAL,NORMAL,NORMAL
33.4,NORMAL,NORMAL,NORMAL,NORMAL
33.5,NORMAL,NORMAL,NORMAL,NORMAL
33.6,NORMAL,NORMAL,NORMAL,NORMAL
33.7,NORMAL,NORMAL,NORMAL,NORMAL
33.8,NORMAL,NORMAL,NORMAL,NORMAL
33.9,NORMAL,NORMAL,NORMAL,NORMAL
34.0,NORMAL,NORMAL,NORMAL,NORMAL
34.1,NORMAL,NORMAL,NORMAL,NORMAL
34.2,NORMAL,NORMAL,NORMAL,NORMAL
34.3,NORMAL,NORMAL,NORMAL,NORMAL
34.4,NORMAL,NORMAL,NORMAL,NORMAL
34.5,NORMAL,NORMAL,NORMAL,NORMAL
34.6,NORMAL,NORMAL,NORMAL,NORMAL
34.7,NORMAL,NORMAL,NORMAL,NORMAL
34.8,NORMAL,NORMAL,NORMAL,NORMAL
34.9,NORMAL,NORMAL,NORMAL,NORMAL
35.0,NORMAL,NORMAL,NORMAL,NORMAL
35.1,NORMAL,NORMAL,NORMAL,NORMAL
35.2,NORMAL,NORMAL,NORMAL,NORMAL
35.3,NORMAL,NORMAL,NORMAL,NORMAL
35.4,NORMAL,NORMAL,NORMAL,NORMAL
35.5,NORMAL,NORMAL,NORMAL,NORMAL
35.6,NORMAL,NORMAL,NORMAL,NORMAL
35.7,NORMAL,NORMAL,NORMAL,NORMAL
35.8,NORMAL,NORMAL,NORMAL,NORMAL
35.9,NORMAL,NORMAL,NORMAL,NORMAL
36.0,NORMAL,NORMAL,NORMAL,NORMAL
36.1,NORMAL,NORMAL,NORMAL,NORMAL
36.2,NORMAL,NORMAL,NORMAL,NORMAL
36.3,NORMAL,NORMAL,NORMAL,NORMAL
36.4,NORMAL,NORMAL,NORMAL,NORMAL
36.5,NORMAL,NORMAL,NORMAL,NORMAL
36.6,NORMAL,NORMAL,NORMAL,NORMAL
36.7,NORMAL,NORMAL,NORMAL,NORMAL
36.8,NORMAL,NORMAL,NORMAL,NORMAL
36.9,NORMAL,NORMAL,NORMAL,NORMAL
37.0,NORMAL,NORMAL,NORMAL,NORMAL
37.1,NORMAL,NORMAL,NORMAL,NORMAL
37.2,NORMAL,NORMAL,NORMAL,NORMAL
37.3,NORMAL,NORMAL,NORMAL,NORMAL
37.4,NORMAL,NORMAL,NORMAL,NORMAL
37.5,NORMAL,NORMAL,NORMAL,NORMAL
37.6,NORMAL,NORMAL,NORMAL,NORMAL
37.7,NORMAL,NORMAL,NORMAL,NORMAL
37.8,NORMAL,NORMAL,NORMAL,NORMAL
37.9,NORMAL,NORMAL,NORMAL,NORMAL
38.0,NORMAL,NORMAL,NORMAL,NORMAL
38.1,NORMAL,NORMAL,NORMAL,NORMAL
38.2,NORMAL,NORMAL,NORMAL,NORMAL
38.3,NORMAL,NORMAL,NORMAL,NORMAL
38.4,NORMAL,NORMAL,NORMAL,NORMAL
38.5,NORMAL,NORMAL,NORMAL,NORMAL
38.6,NORMAL,NORMAL,NORMAL,NORMAL
38.7,NORMAL,NORMAL,NORMAL,NORMAL
38.8,NORMAL,NORMAL,NORMAL,NORMAL
38.9,NORMAL,NORMAL,NORMAL,NORMAL
39.0,NORMAL,NORMAL,NORMAL,NORMAL
39.1,NORMAL,NORMAL,NORMAL,NORMAL
39.2,NORMAL,NORMAL,NORMAL,NORMAL
39.3,NORMAL,NORMAL,NORMAL,NORMAL
39.4,NORMAL,NORMAL,NORMAL,NORMAL
39.5,NORMAL,NORMAL,NORMAL,NORMAL
39.6,NORMAL,NORMAL,NORMAL,NORMAL
39.7,NORMAL,NORMAL,NORMAL,NORMAL
39.8,NORMAL,NORMAL,NORMAL,NORMAL
39.9,NORMAL,NORMAL,NORMAL,NORMAL
40.0,NORMAL,NORMAL,NORMAL,NORMAL
40.1,NORMAL,NORMAL,NORMAL,NORMAL
40.2,NORMAL,NORMAL,NORMAL,NORMAL
40.3,NORMAL,NORMAL,NORMAL,NORMAL
40.4,NORMAL,NORMAL,NORMAL,NORMAL
40.5,NORMAL,NORMAL,NORMAL,NORMAL
40.6,NORMAL,NORMAL,NORMAL,NORMAL
40.7,NORMAL,NORMAL,NORMAL,NORMAL
40.8,NORMAL,NORMAL,NORMAL,NORMAL
40.9,NORMAL,NORMAL,NORMAL,NORMAL
41.0,NORMAL,NORMAL,NORMAL,NORMAL
41.1,NORMAL,NORMAL,NORMAL,NORMAL
41.2,NORMAL,NORMAL,NORMAL,NORMAL
41.3,NORMAL,NORMAL,NORMAL,NORMAL
41.4,NORMAL,NORMAL,NORMAL,NORMAL
41.5,NORMAL,NORMAL,NORMAL,NORMAL
41.6,NORMAL,NORMAL,NORMAL,NORMAL
41.7,NORMAL,NORMAL,NORMAL,NORMAL
41.8,NORMAL,NORMAL,NORMAL,NORMAL
41.9,NORMAL,NORMAL,NORMAL,NORMAL
42.0,NORMAL,NORMAL,NORMAL,NORMAL
42.1,NORMAL,NORMAL,NORMAL,NORMAL
42.2,NORMAL,NORMAL,NORMAL,NORMAL
42.3,NORMAL,NORMAL,NORMAL,NORMAL
42.4,NORMAL,NORMAL,NORMAL,NORMAL
42.5,NORMAL,NORMAL,NORMAL,NORMAL
42.6,NORMAL,NORMAL,NORMAL,NORMAL
42.7,NORMAL,NORMAL,NORMAL,NORMAL
42.8,NORMAL,NORMAL,NORMAL,NORMAL
42.9,NORMAL,NORMAL,NORMAL,NORMAL
43.0,NORMAL,NORMAL,NORMAL,NORMAL
43.1,NORMAL,NORMAL,NORMAL,NORMAL
43.2,NORMAL,NORMAL,NORMAL,NORMAL
43.3,NORMAL,NORMAL,NORMAL,NORMAL
43.4,NORMAL,NORMAL,NORMAL,NORMAL
43.5,NORMAL,NORMAL,NORMAL,NORMAL
43.6,NORMAL,NORMAL,NORMAL,NORMAL
43.7,NORMAL,NORMAL,NORMAL,NORMAL
43.8,NORMAL,NORMAL,NORMAL,NORMAL
43.9,NORMAL,NORMAL,NORMAL,NORMAL
44.0,NORMAL,NORMAL,NORMAL,NORMAL
44.1,NORMAL,NORMAL,NORMAL,NORMAL
44.2,NORMAL,NORMAL,NORMAL,NORMAL
44.3,NORMAL,NORMAL,NORMAL,NORMAL
44.4,NORMAL,NORMAL,NORMAL,NORMAL
44.5,NORMAL,NORMAL,NORMAL,NORMAL
44.6,NORMAL,NORMAL,NORMAL,NORMAL
44.7,NORMAL,NORMAL,NORMAL,NORMAL
44.8,NORMAL,NORMAL,NORMAL,NORMAL
44.9,NORMAL,NORMAL,NORMAL,NORMAL
45.0,NORMAL,NORMAL,NORMAL,NORMAL
45.1,NORMAL,NORMAL,NORMAL,NORMAL
45.2,NORMAL,NORMAL,NORMAL,NORMAL
45.3,NORMAL,NORMAL,NORMAL,NORMAL
45.4,NORMAL,NORMAL,NORMAL,NORMAL
45.5,NORMAL,NORMAL,NORMAL,NORMAL
45.6,NORMAL,NORMAL,NORMAL,NORMAL
45.7,NORMAL,NORMAL,NORMAL,NORMAL
45.8,NORMAL,NORMAL,NORMAL,NORMAL
45.9,NORMAL,NORMAL,NORMAL,NORMAL
46.0,NORMAL,NORMAL,NORMAL,NORMAL
46.1,NORMAL,NORMAL,NORMAL,NORMAL
46.2,NORMAL,NORMAL,NORMAL,NORMAL
46.3,NORMAL,NORMAL,NORMAL,NORMAL
46.4,NORMAL,NORMAL,NORMAL,NORMAL
46.5,NORMAL,NORMAL,NORMAL,NORMAL
46.6,NORMAL,NORMAL,NORMAL,NORMAL
46.7,NORMAL,NORMAL,NORMAL,NORMAL
46.8,NORMAL,NORMAL,NORMAL,NORMAL
46.9,NORMAL,NORMAL,NORMAL,NORMAL
47.0,NORMAL,NORMAL,NORMAL,NORMAL
47.1,NORMAL,NORMAL,NORMAL,NORMAL
47.2,NORMAL,NORMAL,NORMAL,NORMAL
47.3,NORMAL,NORMAL,NORMAL,NORMAL
47.4,NORMAL,NORMAL,NORMAL,NORMAL
47.5,NORMAL,NORMAL,NORMAL,NORMAL
47.6,NORMAL,NORMAL,NORMAL,NORMAL
47.7,NORMAL,NORMAL,NORMAL,NORMAL
47.8,NORMAL,NORMAL,NORMAL,NORMAL
47.9,NORMAL,NORMAL,NORMAL,NORMAL
48.0,NORMAL,NORMAL,NORMAL,NORMAL
48.1,NORMAL,NORMAL,NORMAL,NORMAL
48.2,NORMAL,NORMAL,NORMAL,NORMAL
48.3,NORMAL,NORMAL,NORMAL,NORMAL
48.4,NORMAL,NORMAL,NORMAL,NORMAL
48.5,NORMAL,NORMAL,NORMAL,NORMAL
48.6,NORMAL,NORMAL,NORMAL,NORMAL
48.7,NORMAL,NORMAL,NORMAL,NORMAL
48.8,NORMAL,NORMAL,NORMAL,NORMAL
48.9,NORMAL,NORMAL,NORMAL,NORMAL
49.0,NORMAL,NORMAL,NORMAL,NORMAL
49.1,NORMAL,NORMAL,NORMAL,NORMAL
49.2,NORMAL,NORMAL,NORMAL,NORMAL
49.3,NORMAL,NORMAL,NORMAL,NORMAL
49.4,NORMAL,NORMAL,NORMAL,NORMAL
49.5,NORMAL,NORMAL,NORMAL,NORMAL
49.6,NORMAL,NORMAL,NORMAL,NORMAL
49.7,NORMAL,NORMAL,NORMAL,NORMAL
49.8,NORMAL,NORMAL,NORMAL,NORMAL
49.9,NORMAL,NORMAL,NORMAL,NORMAL
50.0,NORMAL,NORMAL,NORMAL,NORMAL
50.1,NORMAL,NORMAL,NORMAL,NORMAL
50.2,NORMAL,NORMAL,NORMAL,NORMAL
50.3,NORMAL,NORMAL,NORMAL,NORMAL
50.4,NORMAL,NORMAL,NORMAL,NORMAL
50.5,NORMAL,NORMAL,NORMAL,NORMAL
50.6,NORMAL,NORMAL,NORMAL,NORMAL
50.7,NORMAL,NORMAL,NORMAL,NORMAL
50.8,NORMAL,NORMAL,NORMAL,NORMAL
50.9,NORMAL,NORMAL,NORMAL,NORMAL
51.0,NORMAL,NORMAL,NORMAL,NORMAL
51.1,NORMAL,NORMAL,NORMAL,NORMAL
51.2,NORMAL,NORMAL,NORMAL,NORMAL
51.3,NORMAL,NORMAL,NORMAL,NORMAL
51.4,NORMAL,NORMAL,NORMAL,NORMAL
51.5,NORMAL,NORMAL,NORMAL,NORMAL
51.6,NORMAL,NORMAL,NORMAL,NORMAL
51.7,NORMAL,NORMAL,NORMAL,NORMAL
51.8,NORMAL,NORMAL,NORMAL,NORMAL
51.9,NORMAL,NORMAL,NORMAL,NORMAL
52.0,NORMAL,NORMAL,NORMAL,NORMAL
52.1,NORMAL,NORMAL,NORMAL,NORMAL
52.2,NORMAL,NORMAL,NORMAL,NORMAL
52.3,NORMAL,NORMAL,NORMAL,NORMAL
52.4,NORMAL,NORMAL,NORMAL,NORMAL
52.5,NORMAL,NORMAL,NORMAL,NORMAL
52.6,NORMAL,NORMAL,NORMAL,NORMAL
52.7,NORMAL,NORMAL,NORMAL,NORMAL
52.8,NORMAL,NORMAL,NORMAL,NORMAL
52.9,NORMAL,NORMAL,NORMAL,NORMAL
53.0,NORMAL,NORMAL,NORMAL,NORMAL
53.1,NORMAL,NORMAL,NORMAL,NORMAL
53.2,NORMAL,NORMAL,NORMAL,NORMAL
53.3,NORMAL,NORMAL,NORMAL,NORMAL
53.4,NORMAL,NORMAL,NORMAL,NORMAL
53.5,NORMAL,NORMAL,NORMAL,NORMAL
53.6,NORMAL,NORMAL,NORMAL,NORMAL
53.7,NORMAL,NORMAL,NORMAL,NORMAL
53.8,NORMAL,NORMAL,NORMAL,NORMAL
53.9,NORMAL,NORMAL,NORMAL,NORMAL
54.0,NORMAL,NORMAL,NORMAL,NORMAL
54.1,NORMAL,NORMAL,NORMAL,NORMAL
54.2,NORMAL,NORMAL,NORMAL,NORMAL
54.3,NORMAL,NORMAL,NORMAL,NORMAL
54.4,NORMAL,NORMAL,NORMAL,NORMAL
54.5,NORMAL,NORMAL,NORMAL,NORMAL
54.6,NORMAL,NORMAL,NORMAL,NORMAL
54.7,NORMAL,NORMAL,NORMAL,NORMAL
54.8,NORMAL,NORMAL,NORMAL,NORMAL
54.9,NORMAL,NORMAL,NORMAL,NORMAL
55.0,NORMAL,NORMAL,NORMAL,NORMAL
55.1,NORMAL,NORMAL,NORMAL,NORMAL
55.2,NORMAL,NORMAL,NORMAL,NORMAL
55.3,NORMAL,NORMAL,NORMAL,NORMAL
55.4,NORMAL,NORMAL,NORMAL,NORMAL
55.5,NORMAL,NORMAL,NORMAL,NORMAL
55.6,NORMAL,NORMAL,NORMAL,NORMAL
55.7,NORMAL,NORMAL,NORMAL,NORMAL
55.8,NORMAL,NORMAL,NORMAL,NORMAL
55.9,NORMAL,NORMAL,NORMAL,NORMAL
56.0,NORMAL,NORMAL,NORMAL,NORMAL
56.1,NORMAL,NORMAL,NORMAL,NORMAL
56.2,NORMAL,NORMAL,NORMAL,NORMAL
56.3,NORMAL,NORMAL,NORMAL,NORMAL
56.4,NORMAL,NORMAL,NORMAL,NORMAL
56.5,NORMAL,NORMAL,NORMAL,NORMAL
56.6,NORMAL,NORMAL,NORMAL,NORMAL
56.7,NORMAL,NORMAL,NORMAL,NORMAL
56.8,NORMAL,NORMAL,NORMAL,NORMAL
56.9,NORMAL,NORMAL,NORMAL,NORMAL
57.0,NORMAL,NORMAL,NORMAL,NORMAL
57.1,NORMAL,NORMAL,NORMAL,NORMAL
57.2,NORMAL,NORMAL,NORMAL,NORMAL
57.3,NORMAL,NORMAL,NORMAL,NORMAL
57.4,NORMAL,NORMAL,NORMAL,NORMAL
57.5,NORMAL,NORMAL,NORMAL,NORMAL
57.6,NORMAL,NORMAL,NORMAL,NORMAL
57.7,NORMAL,NORMAL,NORMAL,NORMAL
57.8,NORMAL,NORMAL,NORMAL,NORMAL
57.9,NORMAL,NORMAL,NORMAL,NORMAL
58.0,NORMAL,NORMAL,NORMAL,NORMAL
58.1,NORMAL,NORMAL,NORMAL,NORMAL
58.2,NORMAL,NORMAL,NORMAL,NORMAL
58.3,NORMAL,NORMAL,NORMAL,NORMAL
58.4,NORMAL,NORMAL,NORMAL,NORMAL
58.5,NORMAL,NORMAL,NORMAL,NORMAL
58.6,NORMAL,NORMAL,NORMAL,NORMAL
58.7,NORMAL,NORMAL,NORMAL,NORMAL
58.8,NORMAL,NORMAL,NORMAL,NORMAL
58.9,NORMAL,NORMAL,NORMAL,NORMAL
59.0,NORMAL,NORMAL,NORMAL,NORMAL
59.1,NORMAL,NORMAL,NORMAL,NORMAL
59.2,NORMAL,NORMAL,NORMAL,NORMAL
59.3,NORMAL,NORMAL,NORMAL,NORMAL
59.4,NORMAL,NORMAL,NORMAL,NORMAL
59.5,NORMAL,NORMAL,NORMAL,NORMAL
59.6,NORMAL,NORMAL,NORMAL,NORMAL
59.7,NORMAL,NORMAL,NORMAL,NORMAL
59.8,NORMAL,NORMAL,NORMAL,NORMAL
59.9,NORMAL,NORMAL,NORMAL,NORMAL
60.0,NORMAL,NORMAL,NORMAL,NORMAL
60.1,NORMAL,NORMAL,NORMAL,NORMAL
60.2,NORMAL,NORMAL,NORMAL,NORMAL
60.3,NORMAL,NORMAL,NORMAL,NORMAL
60.4,NORMAL,NORMAL,NORMAL,NORMAL
60.5,NORMAL,NORMAL,NORMAL,NORMAL
60.6,NORMAL,NORMAL,NORMAL,NORMAL
60.7,NORMAL,NORMAL,NORMAL,NORMAL
60.8,NORMAL,NORMAL,NORMAL,NORMAL
60.9,NORMAL,NORMAL,NORMAL,NORMAL
61.0,NORMAL,NORMAL,NORMAL,NORMAL
61.1,NORMAL,NORMAL,NORMAL,NORMAL
61.2,NORMAL,NORMAL,NORMAL,NORMAL
61.3,NORMAL,NORMAL,NORMAL,NORMAL
61.4,NORMAL,NORMAL,NORMAL,NORMAL
61.5,NORMAL,NORMAL,NORMAL,NORMAL
61.6,NORMAL,NORMAL,NORMAL,NORMAL
61.7,NORMAL,NORMAL,NORMAL,NORMAL
61.8,NORMAL,NORMAL,NORMAL,NORMAL
61.9,NORMAL,NORMAL,NORMAL,NORMAL
62.0,NORMAL,NORMAL,NORMAL,NORMAL
62.1,NORMAL,NORMAL,NORMAL,NORMAL
62.2,NORMAL,NORMAL,NORMAL,NORMAL
62.3,NORMAL,NORMAL,NORMAL,NORMAL
62.4,NORMAL,NORMAL,NORMAL,NORMAL
62.5,NORMAL,NORMAL,NORMAL,NORMAL
62.6,NORMAL,NORMAL,NORMAL,NORMAL
62.7,NORMAL,NORMAL,NORMAL,NORMAL
62.8,NORMAL,NORMAL,NORMAL,NORMAL
62.9,NORMAL,NORMAL,NORMAL,NORMAL
63.0,NORMAL,NORMAL,NORMAL,NORMAL
63.1,NORMAL,NORMAL,NORMAL,NORMAL
63.2,NORMAL,NORMAL,NORMAL,NORMAL
63.3,NORMAL,NORMAL,NORMAL,NORMAL
63.4,NORMAL,NORMAL,NORMAL,NORMAL
63.5,NORMAL,NORMAL,NORMAL,NORMAL
63.6,NORMAL,NORMAL,NORMAL,NORMAL
63.7,NORMAL,NORMAL,NORMAL,NORMAL
63.8,NORMAL,NORMAL,NORMAL,NORMAL
63.9,NORMAL,NORMAL,NORMAL,NORMAL
64.0,NORMAL,NORMAL,NORMAL,NORMAL
64.1,NORMAL,NORMAL,NORMAL,NORMAL
64.2,NORMAL,NORMAL,NORMAL,NORMAL
64.3,NORMAL,NORMAL,NORMAL,NORMAL
64.4,NORMAL,NORMAL,NORMAL,NORMAL
64.5,NORMAL,NORMAL,NORMAL,NORMAL
64.6,NORMAL,NORMAL,NORMAL,NORMAL
64.7,NORMAL,NORMAL,NORMAL,NORMAL
64.8,NORMAL,NORMAL,NORMAL,NORMAL
64.9,NORMAL,NORMAL,NORMAL,NORMAL
65.0,NORMAL,NORMAL,NORMAL,NORMAL
65.1,NORMAL,NORMAL,NORMAL,NORMAL
65.2,NORMAL,NORMAL,NORMAL,NORMAL
65.3,NORMAL,NORMAL,NORMAL,NORMAL
65.4,NORMAL,NORMAL,NORMAL,NORMAL
65.5,NORMAL,NORMAL,NORMAL,NORMAL
65.6,NORMAL,NORMAL,NORMAL,NORMAL
65.7,NORMAL,NORMAL,NORMAL,NORMAL
65.8,NORMAL,NORMAL,NORMAL,NORMAL
65.9,NORMAL,NORMAL,NORMAL,NORMAL
66.0,NORMAL,NORMAL,NORMAL,NORMAL
66.1,NORMAL,NORMAL,NORMAL,NORMAL
66.2,NORMAL,NORMAL,NORMAL,NORMAL
66.3,NORMAL,NORMAL,NORMAL,NORMAL
66.4,NORMAL,NORMAL,NORMAL,NORMAL
66.5,NORMAL,NORMAL,NORMAL,NORMAL
66.6,NORMAL,NORMAL,NORMAL,NORMAL
66.7,NORMAL,NORMAL,NORMAL,NORMAL
66.8,NORMAL,NORMAL,NORMAL,NORMAL
66.9,NORMAL,NORMAL,NORMAL,NORMAL
67.0,NORMAL,NORMAL,NORMAL,NORMAL
67.1,NORMAL,NORMAL,NORMAL,NORMAL
67.2,NORMAL,NORMAL,NORMAL,NORMAL
67.3,NORMAL,NORMAL,NORMAL,NORMAL
67.4,NORMAL,NORMAL,NORMAL,NORMAL
67.5,NORMAL,NORMAL,NORMAL,NORMAL
67.6,NORMAL,NORMAL,NORMAL,NORMAL
67.7,NORMAL,NORMAL,NORMAL,NORMAL
67.8,NORMAL,NORMAL,NORMAL,NORMAL
67.9,NORMAL,NORMAL,NORMAL,NORMAL
68.0,NORMAL,NORMAL,NORMAL,NORMAL
68.1,NORMAL,NORMAL,NORMAL,NORMAL
68.2,NORMAL,NORMAL,NORMAL,NORMAL
68.3,NORMAL,NORMAL,NORMAL,NORMAL
68.4,NORMAL,NORMAL,NORMAL,NORMAL
68.5,NORMAL,NORMAL,NORMAL,NORMAL
68.6,NORMAL,NORMAL,NORMAL,NORMAL
68.7,NORMAL,NORMAL,NORMAL,NORMAL
68.8,NORMAL,NORMAL,NORMAL,NORMAL
68.9,NORMAL,NORMAL,NORMAL,NORMAL
69.0,NORMAL,NORMAL,NORMAL,NORMAL
69.1,NORMAL,NORMAL,NORMAL,NORMAL
69.2,NORMAL,NORMAL,NORMAL,NORMAL
69.3,NORMAL,NORMAL,NORMAL,NORMAL
69.4,NORMAL,NORMAL,NORMAL,NORMAL
69.5,NORMAL,NORMAL,NORMAL,NORMAL
69.6,NORMAL,NORMAL,NORMAL,NORMAL
69.7,NORMAL,NORMAL,NORMAL,NORMAL
69.8,NORMAL,NORMAL,NORMAL,NORMAL
69.9,NORMAL,NORMAL,NORMAL,NORMAL
70.0,NORMAL,NORMAL,NORMAL,NORMAL
70.1,NORMAL,NORMAL,NORMAL,NORMAL
70.2,NORMAL,NORMAL,NORMAL,NORMAL
70.3,NORMAL,NORMAL,NORMAL,NORMAL
70.4,NORMAL,NORMAL,NORMAL,NORMAL
70.5,NORMAL,NORMAL,NORMAL,NORMAL
70.6,NORMAL,NORMAL,NORMAL,NORMAL
70.7,NORMAL,NORMAL,NORMAL,NORMAL
70.8,NORMAL,NORMAL,NORMAL,NORMAL
70.9,NORMAL,NORMAL,NORMAL,NORMAL
71.0,NORMAL,NORMAL,NORMAL,NORMAL
71.1,NORMAL,NORMAL,NORMAL,NORMAL
71.2,NORMAL,NORMAL,NORMAL,NORMAL
71.3,NORMAL,NORMAL,NORMAL,NORMAL
71.4,NORMAL,NORMAL,NORMAL,NORMAL
71.5,NORMAL,NORMAL,NORMAL,NORMAL
71.6,NORMAL,NORMAL,NORMAL,NORMAL
71.7,NORMAL,NORMAL,NORMAL,NORMAL
71.8,NORMAL,NORMAL,NORMAL,NORMAL
71.9,NORMAL,NORMAL,NORMAL,NORMAL
72.0,NORMAL,NORMAL,NORMAL,NORMAL
72.1,NORMAL,NORMAL,NORMAL,NORMAL
72.2,NORMAL,NORMAL,NORMAL,NORMAL
72.3,NORMAL,NORMAL,NORMAL,NORMAL
72.4,NORMAL,NORMAL,NORMAL,NORMAL
72.5,NORMAL,NORMAL,NORMAL,NORMAL
72.6,NORMAL,NORMAL,NORMAL,NORMAL
72.7,NORMAL,NORMAL,NORMAL,NORMAL
72.8,NORMAL,NORMAL,NORMAL,NORMAL
72.9,NORMAL,NORMAL,NORMAL,NORMAL
73.0,NORMAL,NORMAL,NORMAL,NORMAL
73.1,NORMAL,NORMAL,NORMAL,NORMAL
73.2,NORMAL,NORMAL,NORMAL,NORMAL
73.3,NORMAL,NORMAL,NORMAL,NORMAL
73.4,NORMAL,NORMAL,NORMAL,NORMAL
73.5,NORMAL,NORMAL,NORMAL,NORMAL
73.6,NORMAL,NORMAL,NORMAL,NORMAL
73.7,NORMAL,NORMAL,NORMAL,NORMAL
73.8,NORMAL,NORMAL,NORMAL,NORMAL
73.9,NORMAL,NORMAL,NORMAL,NORMAL
74.0,NORMAL,NORMAL,NORMAL,NORMAL
74.1,NORMAL,NORMAL,NORMAL,NORMAL
74.2,NORMAL,NORMAL,NORMAL,NORMAL
74.3,NORMAL,NORMAL,NORMAL,NORMAL
74.4,NORMAL,NORMAL,NORMAL,NORMAL
74.5,NORMAL,NORMAL,NORMAL,NORMAL
74.6,NORMAL,NORMAL,NORMAL,NORMAL
74.7,NORMAL,NORMAL,NORMAL,NORMAL
74.8,NORMAL,NORMAL,NORMAL,NORMAL
74.9,NORMAL,NORMAL,NORMAL,NORMAL
75.0,DROWSY,NORMAL,NORMAL,NORMAL
75.1,DROWSY,NORMAL,NORMAL,NORMAL
75.2,DROWSY,NORMAL,NORMAL,NORMAL
75.3,DROWSY,NORMAL,NORMAL,NORMAL
75.4,DROWSY,NORMAL,NORMAL,NORMAL
75.5,DROWSY,NORMAL,NORMAL,NORMAL
75.6,DROWSY,NORMAL,NORMAL,NORMAL
75.7,DROWSY,NORMAL,NORMAL,NORMAL
75.8,DROWSY,NORMAL,WARNING,NORMAL
75.9,DROWSY,NORMAL,WARNING,NORMAL
76.0,DROWSY,NORMAL,WARNING,NORMAL
76.1,DROWSY,WARNING,WARNING,NORMAL
76.2,DROWSY,WARNING,WARNING,NORMAL
76.3,DROWSY,DROWSY,WARNING,DROWSY
76.4,DROWSY,DROWSY,WARNING,DROWSY
76.5,DROWSY,DROWSY,WARNING,DROWSY
76.6,DROWSY,DROWSY,WARNING,DROWSY
76.7,DROWSY,DROWSY,WARNING,DROWSY
76.8,DROWSY,DROWSY,WARNING,DROWSY
76.9,DROWSY,DROWSY,WARNING,DROWSY
77.0,DROWSY,DROWSY,WARNING,DROWSY
77.1,DROWSY,DROWSY,WARNING,DROWSY
77.2,DROWSY,WARNING,NORMAL,DROWSY
77.3,DROWSY,WARNING,NORMAL,DROWSY
77.4,DROWSY,WARNING,NORMAL,DROWSY
77.5,DROWSY,WARNING,NORMAL,DROWSY
77.6,DROWSY,WARNING,NORMAL,DROWSY
77.7,DROWSY,WARNING,NORMAL,DROWSY
77.8,DROWSY,WARNING,NORMAL,DROWSY
77.9,DROWSY,WARNING,NORMAL,DROWSY
78.0,DROWSY,WARNING,NORMAL,DROWSY
78.1,DROWSY,WARNING,NORMAL,DROWSY
78.2,DROWSY,WARNING,NORMAL,DROWSY
78.3,DROWSY,WARNING,NORMAL,DROWSY
78.4,DROWSY,WARNING,NORMAL,DROWSY
78.5,DROWSY,WARNING,NORMAL,DROWSY
78.6,DROWSY,WARNING,NORMAL,DROWSY
78.7,DROWSY,WARNING,NORMAL,DROWSY
78.8,DROWSY,WARNING,NORMAL,DROWSY
78.9,DROWSY,WARNING,NORMAL,DROWSY
79.0,DROWSY,WARNING,NORMAL,DROWSY
79.1,DROWSY,WARNING,NORMAL,DROWSY
79.2,DROWSY,WARNING,NORMAL,DROWSY
79.3,DROWSY,WARNING,NORMAL,DROWSY
79.4,DROWSY,WARNING,NORMAL,DROWSY
79.5,DROWSY,WARNING,NORMAL,DROWSY
79.6,DROWSY,WARNING,NORMAL,DROWSY
79.7,DROWSY,WARNING,NORMAL,DROWSY
79.8,DROWSY,WARNING,NORMAL,DROWSY
79.9,DROWSY,WARNING,NORMAL,DROWSY
80.0,DROWSY,WARNING,NORMAL,DROWSY
80.1,DROWSY,WARNING,NORMAL,WARNING
80.2,NORMAL,WARNING,NORMAL,WARNING
80.3,NORMAL,WARNING,NORMAL,WARNING
80.4,NORMAL,WARNING,NORMAL,WARNING
80.5,NORMAL,WARNING,NORMAL,WARNING
80.6,NORMAL,WARNING,NORMAL,WARNING
80.7,NORMAL,WARNING,NORMAL,WARNING
80.8,NORMAL,WARNING,NORMAL,WARNING
80.9,NORMAL,WARNING,NORMAL,WARNING
81.0,NORMAL,WARNING,NORMAL,WARNING
81.1,NORMAL,WARNING,NORMAL,WARNING
81.2,NORMAL,WARNING,NORMAL,WARNING
81.3,NORMAL,WARNING,NORMAL,WARNING
81.4,NORMAL,WARNING,NORMAL,WARNING
81.5,NORMAL,WARNING,NORMAL,WARNING
81.6,NORMAL,WARNING,NORMAL,WARNING
81.7,NORMAL,WARNING,NORMAL,WARNING
81.8,NORMAL,WARNING,NORMAL,WARNING
81.9,NORMAL,WARNING,NORMAL,WARNING
82.0,NORMAL,WARNING,NORMAL,WARNING
82.1,NORMAL,WARNING,NORMAL,WARNING
82.2,NORMAL,WARNING,NORMAL,WARNING
82.3,NORMAL,WARNING,NORMAL,WARNING
82.4,NORMAL,WARNING,NORMAL,WARNING
82.5,NORMAL,WARNING,NORMAL,WARNING
82.6,NORMAL,WARNING,NORMAL,WARNING
82.7,NORMAL,WARNING,NORMAL,WARNING
82.8,NORMAL,WARNING,NORMAL,WARNING
82.9,NORMAL,WARNING,NORMAL,WARNING
83.0,NORMAL,WARNING,NORMAL,WARNING
83.1,NORMAL,WARNING,NORMAL,WARNING
83.2,NORMAL,WARNING,NORMAL,WARNING
83.3,NORMAL,WARNING,NORMAL,WARNING
83.4,NORMAL,WARNING,NORMAL,WARNING
83.5,NORMAL,WARNING,NORMAL,WARNING
83.6,NORMAL,WARNING,NORMAL,WARNING
83.7,NORMAL,WARNING,NORMAL,WARNING
83.8,NORMAL,WARNING,NORMAL,WARNING
83.9,NORMAL,WARNING,NORMAL,WARNING
84.0,NORMAL,WARNING,NORMAL,WARNING
84.1,NORMAL,WARNING,NORMAL,WARNING
84.2,NORMAL,WARNING,NORMAL,WARNING
84.3,NORMAL,WARNING,NORMAL,WARNING
84.4,NORMAL,WARNING,NORMAL,WARNING
84.5,NORMAL,WARNING,NORMAL,WARNING
84.6,NORMAL,WARNING,NORMAL,WARNING
84.7,NORMAL,WARNING,NORMAL,WARNING
84.8,NORMAL,WARNING,NORMAL,WARNING
84.9,NORMAL,WARNING,NORMAL,WARNING
85.0,NORMAL,WARNING,NORMAL,WARNING
85.1,NORMAL,WARNING,NORMAL,WARNING
85.2,NORMAL,WARNING,NORMAL,WARNING
85.3,NORMAL,WARNING,NORMAL,WARNING
85.4,NORMAL,WARNING,NORMAL,WARNING
85.5,NORMAL,WARNING,NORMAL,WARNING
85.6,NORMAL,WARNING,NORMAL,WARNING
85.7,NORMAL,WARNING,NORMAL,WARNING
85.8,NORMAL,WARNING,NORMAL,WARNING
85.9,NORMAL,WARNING,NORMAL,WARNING
86.0,NORMAL,NORMAL,NORMAL,WARNING
86.1,NORMAL,NORMAL,NORMAL,WARNING
86.2,NORMAL,NORMAL,NORMAL,WARNING
86.3,NORMAL,NORMAL,NORMAL,WARNING
86.4,NORMAL,NORMAL,NORMAL,WARNING
86.5,NORMAL,NORMAL,NORMAL,WARNING
86.6,NORMAL,NORMAL,NORMAL,WARNING
86.7,NORMAL,NORMAL,NORMAL,WARNING
86.8,NORMAL,NORMAL,NORMAL,WARNING
86.9,NORMAL,NORMAL,NORMAL,WARNING
87.0,NORMAL,NORMAL,NORMAL,WARNING
87.1,NORMAL,NORMAL,NORMAL,WARNING
87.2,NORMAL,NORMAL,NORMAL,WARNING
87.3,NORMAL,NORMAL,NORMAL,WARNING
87.4,NORMAL,NORMAL,NORMAL,WARNING
87.5,NORMAL,NORMAL,NORMAL,WARNING
87.6,NORMAL,NORMAL,NORMAL,WARNING
87.7,NORMAL,NORMAL,NORMAL,WARNING
87.8,NORMAL,NORMAL,NORMAL,WARNING
87.9,NORMAL,NORMAL,NORMAL,WARNING
88.0,NORMAL,NORMAL,NORMAL,WARNING
88.1,NORMAL,NORMAL,NORMAL,WARNING
88.2,NORMAL,NORMAL,NORMAL,WARNING
88.3,NORMAL,NORMAL,NORMAL,WARNING
88.4,NORMAL,NORMAL,NORMAL,WARNING
88.5,NORMAL,NORMAL,NORMAL,WARNING
88.6,NORMAL,NORMAL,NORMAL,WARNING
88.7,NORMAL,NORMAL,NORMAL,WARNING
88.8,NORMAL,NORMAL,NORMAL,WARNING
88.9,NORMAL,NORMAL,NORMAL,WARNING
89.0,NORMAL,NORMAL,NORMAL,WARNING
89.1,NORMAL,NORMAL,NORMAL,WARNING
89.2,NORMAL,NORMAL,NORMAL,WARNING
89.3,NORMAL,NORMAL,NORMAL,WARNING
89.4,NORMAL,NORMAL,NORMAL,WARNING
89.5,NORMAL,NORMAL,NORMAL,WARNING
89.6,NORMAL,NORMAL,NORMAL,WARNING
89.7,NORMAL,NORMAL,NORMAL,WARNING
89.8,NORMAL,NORMAL,NORMAL,WARNING
89.9,NORMAL,NORMAL,NORMAL,WARNING
90.0,NORMAL,NORMAL,NORMAL,WARNING
90.1,NORMAL,NORMAL,NORMAL,WARNING
90.2,NORMAL,NORMAL,NORMAL,WARNING
90.3,NORMAL,NORMAL,NORMAL,WARNING
90.4,NORMAL,NORMAL,NORMAL,WARNING
90.5,NORMAL,NORMAL,NORMAL,WARNING
90.6,NORMAL,NORMAL,NORMAL,WARNING
90.7,NORMAL,NORMAL,NORMAL,WARNING
90.8,NORMAL,NORMAL,NORMAL,WARNING
90.9,NORMAL,NORMAL,NORMAL,WARNING
91.0,NORMAL,NORMAL,NORMAL,WARNING
91.1,NORMAL,WARNING,NORMAL,WARNING
91.2,NORMAL,WARNING,NORMAL,WARNING
91.3,NORMAL,WARNING,NORMAL,WARNING
91.4,NORMAL,WARNING,NORMAL,WARNING
91.5,NORMAL,WARNING,NORMAL,WARNING
91.6,NORMAL,WARNING,WARNING,WARNING
91.7,NORMAL,WARNING,WARNING,WARNING
91.8,NORMAL,WARNING,WARNING,WARNING
91.9,NORMAL,WARNING,WARNING,WARNING
92.0,NORMAL,WARNING,WARNING,WARNING
92.1,NORMAL,WARNING,WARNING,WARNING
92.2,NORMAL,WARNING,WARNING,WARNING
92.3,NORMAL,WARNING,WARNING,WARNING
92.4,NORMAL,WARNING,WARNING,WARNING
92.5,NORMAL,WARNING,WARNING,WARNING
92.6,NORMAL,WARNING,WARNING,WARNING
92.7,NORMAL,WARNING,WARNING,WARNING
92.8,NORMAL,WARNING,WARNING,WARNING
92.9,NORMAL,WARNING,WARNING,WARNING
93.0,NORMAL,WARNING,WARNING,WARNING
93.1,NORMAL,WARNING,WARNING,WARNING
93.2,NORMAL,WARNING,WARNING,WARNING
93.3,NORMAL,WARNING,WARNING,WARNING
93.4,NORMAL,WARNING,WARNING,WARNING
93.5,NORMAL,WARNING,WARNING,WARNING
93.6,NORMAL,WARNING,WARNING,WARNING
93.7,NORMAL,WARNING,NORMAL,WARNING
93.8,NORMAL,WARNING,NORMAL,WARNING
93.9,NORMAL,WARNING,NORMAL,WARNING
94.0,NORMAL,WARNING,NORMAL,WARNING
94.1,NORMAL,WARNING,NORMAL,WARNING
94.2,NORMAL,WARNING,NORMAL,WARNING
94.3,NORMAL,WARNING,NORMAL,WARNING
94.4,NORMAL,WARNING,NORMAL,WARNING
94.5,NORMAL,WARNING,NORMAL,WARNING
94.6,NORMAL,WARNING,NORMAL,WARNING
94.7,NORMAL,WARNING,NORMAL,WARNING
94.8,NORMAL,WARNING,NORMAL,WARNING
94.9,NORMAL,WARNING,NORMAL,WARNING
95.0,NORMAL,WARNING,NORMAL,WARNING
95.1,NORMAL,WARNING,NORMAL,WARNING
95.2,NORMAL,WARNING,NORMAL,WARNING
95.3,NORMAL,WARNING,NORMAL,WARNING
95.4,NORMAL,WARNING,NORMAL,WARNING
95.5,NORMAL,WARNING,WARNING,WARNING
95.6,NORMAL,WARNING,WARNING,WARNING
95.7,NORMAL,WARNING,WARNING,WARNING
95.8,NORMAL,WARNING,WARNING,WARNING
95.9,NORMAL,WARNING,WARNING,WARNING
96.0,NORMAL,WARNING,WARNING,WARNING
96.1,NORMAL,WARNING,WARNING,WARNING
96.2,NORMAL,WARNING,WARNING,WARNING
96.3,NORMAL,WARNING,WARNING,WARNING
96.4,NORMAL,WARNING,WARNING,WARNING
96.5,NORMAL,WARNING,WARNING,WARNING
96.6,NORMAL,WARNING,WARNING,WARNING
96.7,NORMAL,WARNING,WARNING,WARNING
96.8,NORMAL,WARNING,WARNING,WARNING
96.9,NORMAL,WARNING,WARNING,WARNING
97.0,NORMAL,WARNING,WARNING,WARNING
97.1,NORMAL,WARNING,WARNING,WARNING
97.2,NORMAL,WARNING,WARNING,WARNING
97.3,NORMAL,WARNING,WARNING,WARNING
97.4,NORMAL,WARNING,WARNING,WARNING
97.5,NORMAL,WARNING,WARNING,WARNING
97.6,NORMAL,WARNING,WARNING,WARNING
97.7,NORMAL,WARNING,WARNING,WARNING
97.8,NORMAL,WARNING,WARNING,WARNING
97.9,NORMAL,WARNING,WARNING,WARNING
98.0,NORMAL,WARNING,WARNING,WARNING
98.1,NORMAL,WARNING,WARNING,WARNING
98.2,NORMAL,WARNING,WARNING,WARNING
98.3,NORMAL,WARNING,WARNING,WARNING
98.4,NORMAL,WARNING,WARNING,WARNING
98.5,NORMAL,WARNING,WARNING,WARNING
98.6,NORMAL,WARNING,WARNING,WARNING
98.7,NORMAL,WARNING,WARNING,WARNING
98.8,NORMAL,WARNING,WARNING,WARNING
98.9,NORMAL,WARNING,WARNING,WARNING
99.0,NORMAL,WARNING,WARNING,WARNING
99.1,NORMAL,WARNING,WARNING,WARNING
99.2,NORMAL,WARNING,WARNING,WARNING
99.3,NORMAL,WARNING,WARNING,WARNING
99.4,NORMAL,WARNING,WARNING,WARNING
99.5,NORMAL,WARNING,WARNING,WARNING
99.6,NORMAL,WARNING,WARNING,WARNING
99.7,NORMAL,WARNING,WARNING,WARNING
99.8,NORMAL,WARNING,WARNING,WARNING
99.9,NORMAL,WARNING,WARNING,WARNING
100.0,NORMAL,WARNING,WARNING,WARNING
100.1,NORMAL,WARNING,WARNING,WARNING
100.2,NORMAL,WARNING,WARNING,WARNING
100.3,NORMAL,WARNING,WARNING,WARNING
100.4,NORMAL,WARNING,WARNING,WARNING
100.5,NORMAL,WARNING,WARNING,WARNING
100.6,NORMAL,WARNING,WARNING,WARNING
100.7,NORMAL,WARNING,WARNING,WARNING
100.8,NORMAL,WARNING,WARNING,WARNING
100.9,NORMAL,WARNING,WARNING,WARNING
101.0,NORMAL,WARNING,WARNING,WARNING
101.1,NORMAL,WARNING,WARNING,WARNING
101.2,NORMAL,WARNING,WARNING,WARNING
101.3,NORMAL,WARNING,WARNING,WARNING
101.4,NORMAL,WARNING,WARNING,WARNING
101.5,NORMAL,WARNING,WARNING,WARNING
101.6,NORMAL,WARNING,WARNING,WARNING
101.7,NORMAL,WARNING,WARNING,WARNING
101.8,NORMAL,WARNING,WARNING,WARNING
101.9,NORMAL,WARNING,WARNING,WARNING
102.0,NORMAL,WARNING,WARNING,WARNING
102.1,NORMAL,WARNING,WARNING,WARNING
102.2,NORMAL,WARNING,WARNING,WARNING
102.3,NORMAL,WARNING,WARNING,WARNING
102.4,NORMAL,WARNING,WARNING,WARNING
102.5,NORMAL,WARNING,WARNING,WARNING
102.6,NORMAL,WARNING,WARNING,WARNING
102.7,NORMAL,WARNING,WARNING,WARNING
102.8,NORMAL,WARNING,WARNING,WARNING
102.9,NORMAL,WARNING,WARNING,WARNING
103.0,NORMAL,WARNING,WARNING,WARNING
103.1,NORMAL,WARNING,WARNING,WARNING
103.2,NORMAL,WARNING,WARNING,WARNING
103.3,NORMAL,WARNING,WARNING,WARNING
103.4,NORMAL,WARNING,WARNING,WARNING
103.5,NORMAL,WARNING,WARNING,WARNING
103.6,NORMAL,WARNING,WARNING,WARNING
103.7,NORMAL,WARNING,WARNING,WARNING
103.8,NORMAL,WARNING,WARNING,WARNING
103.9,NORMAL,WARNING,WARNING,WARNING
104.0,NORMAL,WARNING,WARNING,WARNING
104.1,NORMAL,WARNING,WARNING,WARNING
104.2,NORMAL,WARNING,WARNING,WARNING
104.3,NORMAL,WARNING,WARNING,WARNING
104.4,NORMAL,WARNING,WARNING,WARNING
104.5,NORMAL,WARNING,WARNING,WARNING
104.6,NORMAL,WARNING,WARNING,WARNING
104.7,NORMAL,WARNING,WARNING,WARNING
104.8,NORMAL,WARNING,WARNING,WARNING
104.9,NORMAL,WARNING,NORMAL,WARNING
105.0,NORMAL,WARNING,NORMAL,WARNING
105.1,NORMAL,WARNING,NORMAL,WARNING
105.2,NORMAL,WARNING,NORMAL,WARNING
105.3,NORMAL,NORMAL,NORMAL,WARNING
105.4,NORMAL,NORMAL,NORMAL,WARNING
105.5,NORMAL,NORMAL,NORMAL,WARNING
105.6,NORMAL,NORMAL,NORMAL,WARNING
105.7,NORMAL,NORMAL,NORMAL,WARNING
105.8,NORMAL,NORMAL,NORMAL,WARNING
105.9,NORMAL,NORMAL,NORMAL,WARNING
106.0,NORMAL,NORMAL,NORMAL,WARNING
106.1,NORMAL,NORMAL,NORMAL,WARNING
106.2,NORMAL,NORMAL,NORMAL,WARNING
106.3,NORMAL,NORMAL,NORMAL,WARNING
106.4,NORMAL,NORMAL,NORMAL,WARNING
106.5,NORMAL,NORMAL,NORMAL,WARNING
106.6,NORMAL,NORMAL,NORMAL,WARNING
106.7,NORMAL,NORMAL,NORMAL,WARNING
106.8,NORMAL,NORMAL,NORMAL,WARNING
106.9,NORMAL,NORMAL,NORMAL,WARNING
107.0,NORMAL,NORMAL,NORMAL,WARNING
107.1,NORMAL,NORMAL,NORMAL,WARNING
107.2,NORMAL,NORMAL,NORMAL,WARNING
107.3,NORMAL,NORMAL,NORMAL,WARNING
107.4,NORMAL,NORMAL,NORMAL,WARNING
107.5,NORMAL,NORMAL,NORMAL,WARNING
107.6,NORMAL,NORMAL,NORMAL,WARNING
107.7,NORMAL,NORMAL,NORMAL,WARNING
107.8,NORMAL,NORMAL,NORMAL,WARNING
107.9,NORMAL,NORMAL,NORMAL,WARNING
108.0,NORMAL,NORMAL,NORMAL,WARNING
108.1,NORMAL,NORMAL,NORMAL,WARNING
108.2,NORMAL,NORMAL,NORMAL,WARNING
108.3,NORMAL,NORMAL,NORMAL,WARNING
108.4,NORMAL,NORMAL,NORMAL,WARNING
108.5,NORMAL,NORMAL,NORMAL,WARNING
108.6,NORMAL,NORMAL,NORMAL,WARNING
108.7,NORMAL,NORMAL,NORMAL,WARNING
108.8,NORMAL,NORMAL,NORMAL,WARNING
108.9,NORMAL,NORMAL,NORMAL,WARNING
109.0,NORMAL,NORMAL,NORMAL,WARNING
109.1,NORMAL,NORMAL,NORMAL,WARNING
109.2,NORMAL,NORMAL,NORMAL,WARNING
109.3,NORMAL,NORMAL,NORMAL,WARNING
109.4,NORMAL,NORMAL,NORMAL,WARNING
109.5,NORMAL,NORMAL,NORMAL,WARNING
109.6,NORMAL,NORMAL,NORMAL,WARNING
109.7,NORMAL,NORMAL,NORMAL,WARNING
109.8,NORMAL,NORMAL,NORMAL,WARNING
109.9,NORMAL,NORMAL,NORMAL,WARNING
110.0,NORMAL,NORMAL,NORMAL,WARNING
110.1,NORMAL,NORMAL,NORMAL,WARNING
110.2,NORMAL,NORMAL,NORMAL,WARNING
110.3,NORMAL,NORMAL,NORMAL,NORMAL
110.4,NORMAL,NORMAL,NORMAL,NORMAL
110.5,NORMAL,NORMAL,NORMAL,NORMAL
110.6,NORMAL,NORMAL,NORMAL,NORMAL
110.7,NORMAL,NORMAL,NORMAL,NORMAL
110.8,NORMAL,NORMAL,NORMAL,NORMAL
110.9,NORMAL,NORMAL,NORMAL,NORMAL
111.0,NORMAL,NORMAL,NORMAL,NORMAL
111.1,NORMAL,NORMAL,NORMAL,NORMAL
111.2,NORMAL,NORMAL,NORMAL,NORMAL
111.3,NORMAL,NORMAL,NORMAL,NORMAL
111.4,NORMAL,NORMAL,NORMAL,NORMAL
111.5,NORMAL,NORMAL,NORMAL,NORMAL
111.6,NORMAL,NORMAL,NORMAL,NORMAL
111.7,NORMAL,NORMAL,NORMAL,NORMAL
111.8,NORMAL,NORMAL,NORMAL,NORMAL
111.9,NORMAL,NORMAL,NORMAL,NORMAL
112.0,NORMAL,NORMAL,NORMAL,NORMAL
112.1,NORMAL,NORMAL,NORMAL,NORMAL
112.2,NORMAL,NORMAL,NORMAL,NORMAL
112.3,NORMAL,NORMAL,NORMAL,NORMAL
112.4,NORMAL,NORMAL,NORMAL,NORMAL
112.5,NORMAL,NORMAL,NORMAL,NORMAL
112.6,NORMAL,NORMAL,NORMAL,NORMAL
112.7,NORMAL,NORMAL,NORMAL,NORMAL
112.8,NORMAL,NORMAL,NORMAL,NORMAL
112.9,NORMAL,NORMAL,NORMAL,NORMAL
113.0,NORMAL,NORMAL,NORMAL,NORMAL
113.1,NORMAL,NORMAL,NORMAL,NORMAL
113.2,NORMAL,NORMAL,NORMAL,NORMAL
113.3,NORMAL,NORMAL,NORMAL,NORMAL
113.4,NORMAL,NORMAL,NORMAL,NORMAL
113.5,NORMAL,NORMAL,NORMAL,NORMAL
113.6,NORMAL,NORMAL,NORMAL,NORMAL
113.7,NORMAL,NORMAL,NORMAL,NORMAL
113.8,NORMAL,NORMAL,NORMAL,NORMAL
113.9,NORMAL,NORMAL,NORMAL,NORMAL
114.0,NORMAL,NORMAL,NORMAL,NORMAL
114.1,NORMAL,NORMAL,NORMAL,NORMAL
114.2,NORMAL,NORMAL,NORMAL,NORMAL
114.3,NORMAL,NORMAL,NORMAL,NORMAL
114.4,NORMAL,NORMAL,NORMAL,NORMAL
114.5,NORMAL,NORMAL,NORMAL,NORMAL
114.6,NORMAL,NORMAL,NORMAL,NORMAL
114.7,NORMAL,NORMAL,NORMAL,NORMAL
114.8,NORMAL,NORMAL,NORMAL,NORMAL
114.9,NORMAL,NORMAL,NORMAL,NORMAL
115.0,NORMAL,NORMAL,NORMAL,NORMAL
115.1,NORMAL,NORMAL,NORMAL,NORMAL
115.2,NORMAL,NORMAL,NORMAL,NORMAL
115.3,NORMAL,NORMAL,NORMAL,NORMAL
115.4,NORMAL,NORMAL,NORMAL,NORMAL
115.5,NORMAL,NORMAL,NORMAL,NORMAL
115.6,NORMAL,NORMAL,NORMAL,NORMAL
115.7,NORMAL,NORMAL,NORMAL,NORMAL
115.8,NORMAL,NORMAL,NORMAL,NORMAL
115.9,NORMAL,NORMAL,NORMAL,NORMAL
116.0,NORMAL,NORMAL,NORMAL,NORMAL
116.1,NORMAL,NORMAL,NORMAL,NORMAL
116.2,NORMAL,NORMAL,NORMAL,NORMAL
116.3,NORMAL,NORMAL,NORMAL,NORMAL
116.4,NORMAL,NORMAL,NORMAL,NORMAL
116.5,NORMAL,NORMAL,NORMAL,NORMAL
116.6,NORMAL,NORMAL,NORMAL,NORMAL
116.7,NORMAL,NORMAL,NORMAL,NORMAL
116.8,NORMAL,NORMAL,NORMAL,NORMAL
116.9,NORMAL,NORMAL,NORMAL,NORMAL
117.0,NORMAL,NORMAL,NORMAL,NORMAL
117.1,NORMAL,NORMAL,NORMAL,NORMAL
117.2,NORMAL,NORMAL,NORMAL,NORMAL
117.3,NORMAL,NORMAL,NORMAL,NORMAL
117.4,NORMAL,NORMAL,NORMAL,NORMAL
117.5,NORMAL,NORMAL,NORMAL,NORMAL
117.6,NORMAL,NORMAL,NORMAL,NORMAL
117.7,NORMAL,NORMAL,NORMAL,NORMAL
117.8,NORMAL,NORMAL,NORMAL,NORMAL
117.9,NORMAL,NORMAL,NORMAL,NORMAL
118.0,NORMAL,NORMAL,NORMAL,NORMAL
118.1,NORMAL,NORMAL,NORMAL,NORMAL
118.2,NORMAL,NORMAL,NORMAL,NORMAL
118.3,NORMAL,NORMAL,NORMAL,NORMAL
118.4,NORMAL,NORMAL,NORMAL,NORMAL
118.5,NORMAL,NORMAL,NORMAL,NORMAL
118.6,NORMAL,NORMAL,NORMAL,NORMAL
118.7,NORMAL,NORMAL,NORMAL,NORMAL
118.8,NORMAL,NORMAL,NORMAL,NORMAL
118.9,NORMAL,NORMAL,NORMAL,NORMAL
119.0,NORMAL,WARNING,NORMAL,NORMAL
119.1,NORMAL,WARNING,NORMAL,NORMAL
119.2,NORMAL,WARNING,NORMAL,NORMAL
119.3,NORMAL,WARNING,NORMAL,NORMAL
119.4,NORMAL,WARNING,NORMAL,NORMAL
119.5,NORMAL,WARNING,NORMAL,NORMAL
119.6,NORMAL,WARNING,WARNING,NORMAL
119.7,NORMAL,WARNING,WARNING,NORMAL
119.8,NORMAL,WARNING,WARNING,NORMAL
119.9,NORMAL,WARNING,WARNING,NORMAL
120.0,WARNING,WARNING,WARNING,NORMAL
120.1,WARNING,WARNING,WARNING,NORMAL
120.2,WARNING,WARNING,WARNING,NORMAL
120.3,WARNING,WARNING,WARNING,NORMAL
120.4,WARNING,WARNING,WARNING,NORMAL
120.5,WARNING,WARNING,WARNING,NORMAL
120.6,WARNING,WARNING,WARNING,NORMAL
120.7,WARNING,WARNING,WARNING,NORMAL
120.8,WARNING,WARNING,WARNING,NORMAL
120.9,WARNING,WARNING,WARNING,NORMAL
121.0,WARNING,WARNING,WARNING,NORMAL
121.1,WARNING,WARNING,WARNING,NORMAL
121.2,WARNING,WARNING,WARNING,NORMAL
121.3,WARNING,WARNING,WARNING,NORMAL
121.4,WARNING,WARNING,WARNING,NORMAL
121.5,WARNING,WARNING,NORMAL,NORMAL
121.6,WARNING,WARNING,NORMAL,NORMAL
121.7,WARNING,WARNING,NORMAL,NORMAL
121.8,WARNING,WARNING,NORMAL,NORMAL
121.9,WARNING,WARNING,NORMAL,NORMAL
122.0,WARNING,WARNING,NORMAL,NORMAL
122.1,WARNING,WARNING,NORMAL,NORMAL
122.2,WARNING,WARNING,NORMAL,NORMAL
122.3,WARNING,WARNING,NORMAL,NORMAL
122.4,WARNING,WARNING,NORMAL,NORMAL
122.5,WARNING,WARNING,NORMAL,NORMAL
122.6,WARNING,WARNING,NORMAL,NORMAL
122.7,WARNING,WARNING,NORMAL,NORMAL
122.8,WARNING,WARNING,NORMAL,NORMAL
122.9,WARNING,WARNING,NORMAL,NORMAL
123.0,WARNING,WARNING,NORMAL,NORMAL
123.1,WARNING,WARNING,NORMAL,NORMAL
123.2,WARNING,WARNING,NORMAL,NORMAL
123.3,WARNING,WARNING,NORMAL,NORMAL
123.4,WARNING,WARNING,NORMAL,NORMAL
123.5,WARNING,WARNING,NORMAL,NORMAL
123.6,WARNING,WARNING,NORMAL,NORMAL
123.7,WARNING,WARNING,NORMAL,NORMAL
123.8,WARNING,WARNING,NORMAL,NORMAL
123.9,WARNING,WARNING,NORMAL,NORMAL
124.0,WARNING,WARNING,NORMAL,NORMAL
124.1,WARNING,WARNING,NORMAL,NORMAL
124.2,WARNING,WARNING,NORMAL,NORMAL
124.3,WARNING,WARNING,NORMAL,NORMAL
124.4,WARNING,WARNING,NORMAL,NORMAL
124.5,WARNING,WARNING,NORMAL,NORMAL
124.6,WARNING,WARNING,NORMAL,NORMAL
124.7,WARNING,WARNING,NORMAL,NORMAL
124.8,WARNING,WARNING,NORMAL,NORMAL
124.9,WARNING,WARNING,NORMAL,NORMAL
125.0,WARNING,WARNING,NORMAL,NORMAL
125.1,WARNING,WARNING,NORMAL,NORMAL
125.2,WARNING,WARNING,NORMAL,NORMAL
125.3,WARNING,WARNING,NORMAL,NORMAL
125.4,WARNING,WARNING,NORMAL,NORMAL
125.5,WARNING,WARNING,NORMAL,NORMAL
125.6,WARNING,WARNING,NORMAL,NORMAL
125.7,WARNING,WARNING,NORMAL,NORMAL
125.8,WARNING,WARNING,NORMAL,NORMAL
125.9,WARNING,WARNING,NORMAL,NORMAL
126.0,WARNING,WARNING,NORMAL,NORMAL
126.1,WARNING,WARNING,NORMAL,NORMAL
126.2,WARNING,WARNING,NORMAL,NORMAL
126.3,WARNING,WARNING,NORMAL,NORMAL
126.4,WARNING,WARNING,NORMAL,NORMAL
126.5,WARNING,WARNING,NORMAL,NORMAL
126.6,WARNING,WARNING,NORMAL,NORMAL
126.7,WARNING,WARNING,NORMAL,NORMAL
126.8,WARNING,WARNING,NORMAL,NORMAL
126.9,WARNING,WARNING,NORMAL,NORMAL
127.0,WARNING,WARNING,NORMAL,NORMAL
127.1,WARNING,WARNING,NORMAL,NORMAL
127.2,WARNING,WARNING,NORMAL,NORMAL
127.3,WARNING,WARNING,NORMAL,NORMAL
127.4,WARNING,WARNING,NORMAL,NORMAL
127.5,WARNING,WARNING,NORMAL,NORMAL
127.6,WARNING,WARNING,NORMAL,NORMAL
127.7,WARNING,WARNING,NORMAL,NORMAL
127.8,WARNING,WARNING,NORMAL,NORMAL
127.9,WARNING,WARNING,NORMAL,NORMAL
128.0,WARNING,WARNING,NORMAL,NORMAL
128.1,WARNING,WARNING,NORMAL,NORMAL
128.2,WARNING,WARNING,NORMAL,NORMAL
128.3,WARNING,WARNING,NORMAL,NORMAL
128.4,WARNING,WARNING,NORMAL,NORMAL
128.5,WARNING,WARNING,NORMAL,NORMAL
128.6,WARNING,WARNING,NORMAL,NORMAL
128.7,WARNING,WARNING,NORMAL,NORMAL
128.8,WARNING,WARNING,NORMAL,NORMAL
128.9,WARNING,WARNING,NORMAL,NORMAL
129.0,WARNING,WARNING,NORMAL,NORMAL
129.1,WARNING,WARNING,NORMAL,NORMAL
129.2,WARNING,WARNING,NORMAL,NORMAL
129.3,WARNING,WARNING,NORMAL,NORMAL
129.4,WARNING,WARNING,NORMAL,NORMAL
129.5,WARNING,WARNING,NORMAL,NORMAL
129.6,WARNING,WARNING,NORMAL,NORMAL
129.7,WARNING,WARNING,NORMAL,NORMAL
129.8,WARNING,WARNING,NORMAL,NORMAL
129.9,WARNING,WARNING,NORMAL,NORMAL
130.0,WARNING,WARNING,NORMAL,NORMAL
130.1,WARNING,WARNING,NORMAL,NORMAL
130.2,WARNING,WARNING,NORMAL,NORMAL
130.3,WARNING,WARNING,NORMAL,NORMAL
130.4,WARNING,WARNING,NORMAL,NORMAL
130.5,WARNING,WARNING,NORMAL,NORMAL
130.6,WARNING,WARNING,NORMAL,NORMAL
130.7,WARNING,WARNING,NORMAL,NORMAL
130.8,WARNING,WARNING,NORMAL,NORMAL
130.9,WARNING,WARNING,NORMAL,NORMAL
131.0,WARNING,WARNING,NORMAL,NORMAL
131.1,WARNING,WARNING,NORMAL,NORMAL
131.2,WARNING,WARNING,NORMAL,NORMAL
131.3,WARNING,WARNING,NORMAL,NORMAL
131.4,WARNING,WARNING,NORMAL,NORMAL
131.5,WARNING,WARNING,NORMAL,NORMAL
131.6,WARNING,WARNING,NORMAL,NORMAL
131.7,WARNING,WARNING,NORMAL,NORMAL
131.8,WARNING,WARNING,NORMAL,NORMAL
131.9,WARNING,WARNING,NORMAL,NORMAL
132.0,WARNING,WARNING,NORMAL,NORMAL
132.1,WARNING,WARNING,NORMAL,NORMAL
132.2,WARNING,WARNING,NORMAL,NORMAL
132.3,WARNING,WARNING,NORMAL,NORMAL
132.4,WARNING,WARNING,NORMAL,NORMAL
132.5,WARNING,WARNING,NORMAL,NORMAL
132.6,WARNING,WARNING,NORMAL,NORMAL
132.7,WARNING,WARNING,NORMAL,NORMAL
132.8,WARNING,WARNING,NORMAL,NORMAL
132.9,WARNING,WARNING,NORMAL,NORMAL
133.0,WARNING,WARNING,NORMAL,NORMAL
133.1,WARNING,WARNING,NORMAL,NORMAL
133.2,WARNING,WARNING,NORMAL,NORMAL
133.3,WARNING,WARNING,NORMAL,NORMAL
133.4,WARNING,WARNING,NORMAL,NORMAL
133.5,WARNING,WARNING,NORMAL,NORMAL
133.6,WARNING,WARNING,NORMAL,NORMAL
133.7,WARNING,WARNING,NORMAL,NORMAL
133.8,WARNING,WARNING,NORMAL,NORMAL
133.9,WARNING,WARNING,NORMAL,NORMAL
134.0,WARNING,WARNING,NORMAL,NORMAL
134.1,WARNING,WARNING,NORMAL,NORMAL
134.2,WARNING,WARNING,NORMAL,NORMAL
134.3,WARNING,WARNING,NORMAL,NORMAL
134.4,WARNING,WARNING,NORMAL,NORMAL
134.5,WARNING,WARNING,NORMAL,NORMAL
134.6,WARNING,WARNING,WARNING,NORMAL
134.7,WARNING,WARNING,WARNING,NORMAL
134.8,WARNING,WARNING,WARNING,NORMAL
134.9,WARNING,WARNING,WARNING,NORMAL
135.0,WARNING,WARNING,WARNING,NORMAL
135.1,WARNING,WARNING,WARNING,NORMAL
135.2,WARNING,WARNING,WARNING,NORMAL
135.3,WARNING,WARNING,WARNING,NORMAL
135.4,WARNING,WARNING,WARNING,NORMAL
135.5,WARNING,WARNING,WARNING,NORMAL
135.6,WARNING,WARNING,WARNING,NORMAL
135.7,WARNING,WARNING,WARNING,NORMAL
135.8,WARNING,WARNING,WARNING,NORMAL
135.9,WARNING,WARNING,WARNING,NORMAL
136.0,WARNING,WARNING,WARNING,NORMAL
136.1,WARNING,WARNING,WARNING,NORMAL
136.2,WARNING,WARNING,WARNING,WARNING
136.3,WARNING,WARNING,WARNING,WARNING
136.4,WARNING,WARNING,WARNING,WARNING
136.5,WARNING,WARNING,WARNING,WARNING
136.6,WARNING,WARNING,WARNING,WARNING
136.7,WARNING,WARNING,WARNING,WARNING
136.8,WARNING,WARNING,WARNING,WARNING
136.9,WARNING,WARNING,WARNING,WARNING
137.0,WARNING,WARNING,WARNING,WARNING
137.1,WARNING,WARNING,WARNING,WARNING
137.2,WARNING,WARNING,WARNING,WARNING
137.3,WARNING,WARNING,WARNING,WARNING
137.4,WARNING,WARNING,WARNING,WARNING
137.5,WARNING,WARNING,WARNING,WARNING
137.6,WARNING,WARNING,WARNING,WARNING
137.7,WARNING,WARNING,WARNING,WARNING
137.8,WARNING,WARNING,WARNING,WARNING
137.9,WARNING,WARNING,WARNING,WARNING
138.0,WARNING,WARNING,WARNING,WARNING
138.1,WARNING,WARNING,WARNING,WARNING
138.2,WARNING,WARNING,WARNING,WARNING
138.3,WARNING,WARNING,WARNING,WARNING
138.4,WARNING,WARNING,WARNING,WARNING
138.5,WARNING,WARNING,WARNING,WARNING
138.6,WARNING,WARNING,WARNING,WARNING
138.7,WARNING,WARNING,WARNING,WARNING
138.8,WARNING,WARNING,WARNING,WARNING
138.9,WARNING,WARNING,WARNING,WARNING
139.0,WARNING,WARNING,WARNING,WARNING
139.1,WARNING,WARNING,WARNING,WARNING
139.2,WARNING,WARNING,WARNING,WARNING
139.3,WARNING,WARNING,WARNING,WARNING
139.4,WARNING,WARNING,WARNING,WARNING
139.5,WARNING,WARNING,WARNING,WARNING
139.6,WARNING,WARNING,WARNING,WARNING
139.7,WARNING,WARNING,WARNING,WARNING
139.8,WARNING,WARNING,WARNING,WARNING
139.9,WARNING,WARNING,WARNING,WARNING
140.0,DROWSY,WARNING,WARNING,WARNING
140.1,DROWSY,WARNING,WARNING,WARNING
140.2,DROWSY,WARNING,WARNING,WARNING
140.3,DROWSY,WARNING,WARNING,WARNING
140.4,DROWSY,WARNING,WARNING,WARNING
140.5,DROWSY,WARNING,WARNING,WARNING
140.6,DROWSY,WARNING,WARNING,WARNING
140.7,DROWSY,WARNING,WARNING,WARNING
140.8,DROWSY,WARNING,WARNING,WARNING
140.9,DROWSY,WARNING,WARNING,WARNING
141.0,DROWSY,WARNING,WARNING,WARNING
141.1,DROWSY,WARNING,WARNING,WARNING
141.2,DROWSY,WARNING,WARNING,WARNING
141.3,DROWSY,WARNING,WARNING,WARNING
141.4,DROWSY,WARNING,WARNING,WARNING
141.5,DROWSY,WARNING,WARNING,WARNING
141.6,DROWSY,WARNING,WARNING,WARNING
141.7,DROWSY,WARNING,WARNING,WARNING
141.8,DROWSY,WARNING,WARNING,WARNING
141.9,DROWSY,WARNING,WARNING,WARNING
142.0,DROWSY,WARNING,WARNING,WARNING
142.1,DROWSY,WARNING,WARNING,WARNING
142.2,DROWSY,WARNING,WARNING,WARNING
142.3,DROWSY,WARNING,WARNING,WARNING
142.4,DROWSY,WARNING,WARNING,WARNING
142.5,DROWSY,WARNING,WARNING,WARNING
142.6,DROWSY,WARNING,WARNING,WARNING
142.7,DROWSY,WARNING,WARNING,WARNING
142.8,DROWSY,WARNING,WARNING,WARNING
142.9,DROWSY,WARNING,WARNING,WARNING
143.0,DROWSY,WARNING,WARNING,WARNING
143.1,DROWSY,WARNING,WARNING,WARNING
143.2,DROWSY,WARNING,WARNING,WARNING
143.3,DROWSY,WARNING,WARNING,WARNING
143.4,DROWSY,WARNING,WARNING,WARNING
143.5,DROWSY,WARNING,WARNING,WARNING
143.6,DROWSY,WARNING,WARNING,WARNING
143.7,DROWSY,WARNING,WARNING,WARNING
143.8,DROWSY,WARNING,WARNING,WARNING
143.9,DROWSY,WARNING,WARNING,WARNING
144.0,DROWSY,WARNING,WARNING,WARNING
144.1,DROWSY,WARNING,WARNING,WARNING
144.2,DROWSY,WARNING,WARNING,WARNING
144.3,DROWSY,WARNING,WARNING,WARNING
144.4,DROWSY,WARNING,WARNING,WARNING
144.5,DROWSY,WARNING,WARNING,WARNING
144.6,DROWSY,WARNING,WARNING,WARNING
144.7,DROWSY,WARNING,WARNING,WARNING
144.8,DROWSY,WARNING,WARNING,WARNING
144.9,DROWSY,WARNING,WARNING,WARNING
145.0,DROWSY,WARNING,WARNING,WARNING
145.1,DROWSY,WARNING,WARNING,WARNING
145.2,DROWSY,WARNING,WARNING,WARNING
145.3,DROWSY,WARNING,WARNING,WARNING
145.4,DROWSY,WARNING,WARNING,WARNING
145.5,DROWSY,WARNING,WARNING,WARNING
145.6,DROWSY,WARNING,WARNING,WARNING
145.7,DROWSY,WARNING,WARNING,WARNING
145.8,DROWSY,WARNING,WARNING,WARNING
145.9,DROWSY,WARNING,WARNING,WARNING
146.0,DROWSY,WARNING,WARNING,WARNING
146.1,DROWSY,WARNING,WARNING,WARNING
146.2,DROWSY,WARNING,WARNING,WARNING
146.3,DROWSY,WARNING,WARNING,WARNING
146.4,DROWSY,WARNING,WARNING,WARNING
146.5,DROWSY,WARNING,WARNING,WARNING
146.6,DROWSY,WARNING,WARNING,WARNING
146.7,DROWSY,WARNING,WARNING,WARNING
146.8,DROWSY,WARNING,WARNING,WARNING
146.9,DROWSY,WARNING,WARNING,WARNING
147.0,DROWSY,WARNING,WARNING,WARNING
147.1,DROWSY,WARNING,WARNING,WARNING
147.2,DROWSY,WARNING,WARNING,WARNING
147.3,DROWSY,WARNING,WARNING,WARNING
147.4,DROWSY,WARNING,WARNING,WARNING
147.5,DROWSY,WARNING,WARNING,WARNING
147.6,DROWSY,WARNING,WARNING,WARNING
147.7,DROWSY,WARNING,WARNING,WARNING
147.8,DROWSY,WARNING,WARNING,WARNING
147.9,DROWSY,WARNING,WARNING,WARNING
148.0,DROWSY,WARNING,WARNING,WARNING
148.1,DROWSY,WARNING,WARNING,WARNING
148.2,DROWSY,WARNING,WARNING,WARNING
148.3,DROWSY,WARNING,WARNING,WARNING
148.4,DROWSY,WARNING,WARNING,WARNING
148.5,DROWSY,WARNING,WARNING,WARNING
148.6,DROWSY,WARNING,WARNING,WARNING
148.7,DROWSY,WARNING,WARNING,WARNING
148.8,DROWSY,WARNING,WARNING,WARNING
148.9,DROWSY,WARNING,WARNING,WARNING
149.0,DROWSY,WARNING,WARNING,WARNING
149.1,DROWSY,WARNING,WARNING,WARNING
149.2,DROWSY,WARNING,WARNING,WARNING
149.3,DROWSY,WARNING,WARNING,WARNING
149.4,DROWSY,WARNING,WARNING,WARNING
149.5,DROWSY,WARNING,WARNING,WARNING
149.6,DROWSY,WARNING,WARNING,WARNING
149.7,DROWSY,WARNING,WARNING,WARNING
149.8,DROWSY,WARNING,WARNING,WARNING
149.9,DROWSY,WARNING,WARNING,WARNING
150.0,DROWSY,WARNING,WARNING,WARNING
150.1,DROWSY,WARNING,WARNING,WARNING
150.2,DROWSY,WARNING,WARNING,WARNING
150.3,DROWSY,WARNING,WARNING,WARNING
150.4,DROWSY,WARNING,WARNING,WARNING
150.5,DROWSY,WARNING,WARNING,WARNING
150.6,DROWSY,WARNING,WARNING,WARNING
150.7,DROWSY,WARNING,WARNING,WARNING
150.8,DROWSY,WARNING,WARNING,WARNING
150.9,DROWSY,WARNING,WARNING,WARNING
151.0,DROWSY,WARNING,WARNING,WARNING
151.1,DROWSY,WARNING,WARNING,WARNING
151.2,DROWSY,WARNING,WARNING,WARNING
151.3,DROWSY,WARNING,WARNING,WARNING
151.4,DROWSY,WARNING,WARNING,WARNING
151.5,DROWSY,WARNING,WARNING,WARNING
151.6,DROWSY,WARNING,WARNING,WARNING
151.7,DROWSY,WARNING,WARNING,WARNING
151.8,DROWSY,WARNING,WARNING,WARNING
151.9,DROWSY,WARNING,WARNING,WARNING
152.0,DROWSY,WARNING,WARNING,WARNING
152.1,DROWSY,WARNING,WARNING,WARNING
152.2,DROWSY,WARNING,WARNING,WARNING
152.3,DROWSY,WARNING,WARNING,WARNING
152.4,DROWSY,WARNING,WARNING,WARNING
152.5,DROWSY,WARNING,WARNING,WARNING
152.6,DROWSY,WARNING,WARNING,WARNING
152.7,DROWSY,WARNING,WARNING,WARNING
152.8,DROWSY,WARNING,WARNING,WARNING
152.9,DROWSY,WARNING,WARNING,WARNING
153.0,DROWSY,WARNING,WARNING,WARNING
153.1,DROWSY,WARNING,WARNING,WARNING
153.2,DROWSY,WARNING,WARNING,WARNING
153.3,DROWSY,WARNING,WARNING,WARNING
153.4,DROWSY,WARNING,WARNING,WARNING
153.5,DROWSY,WARNING,WARNING,WARNING
153.6,DROWSY,WARNING,WARNING,WARNING
153.7,DROWSY,WARNING,WARNING,WARNING
153.8,DROWSY,WARNING,WARNING,WARNING
153.9,DROWSY,WARNING,WARNING,WARNING
154.0,DROWSY,WARNING,WARNING,WARNING
154.1,DROWSY,WARNING,WARNING,WARNING
154.2,DROWSY,WARNING,WARNING,WARNING
154.3,DROWSY,WARNING,WARNING,WARNING
154.4,DROWSY,WARNING,WARNING,WARNING
154.5,DROWSY,WARNING,WARNING,WARNING
154.6,DROWSY,WARNING,WARNING,WARNING
154.7,DROWSY,WARNING,WARNING,WARNING
154.8,DROWSY,WARNING,WARNING,WARNING
154.9,DROWSY,WARNING,WARNING,WARNING
155.0,DROWSY,WARNING,WARNING,WARNING
155.1,DROWSY,WARNING,WARNING,WARNING
155.2,DROWSY,WARNING,WARNING,WARNING
155.3,DROWSY,WARNING,DROWSY,WARNING
155.4,DROWSY,DROWSY,DROWSY,WARNING
155.5,DROWSY,DROWSY,DROWSY,WARNING
155.6,DROWSY,DROWSY,DROWSY,WARNING
155.7,DROWSY,DROWSY,DROWSY,WARNING
155.8,DROWSY,DROWSY,DROWSY,WARNING
155.9,DROWSY,DROWSY,DROWSY,WARNING
156.0,DROWSY,DROWSY,DROWSY,WARNING
156.1,DROWSY,DROWSY,DROWSY,WARNING
156.2,DROWSY,DROWSY,DROWSY,WARNING
156.3,DROWSY,DROWSY,DROWSY,WARNING
156.4,DROWSY,DROWSY,DROWSY,WARNING
156.5,DROWSY,DROWSY,DROWSY,WARNING
156.6,DROWSY,DROWSY,DROWSY,WARNING
156.7,DROWSY,DROWSY,DROWSY,WARNING
156.8,DROWSY,DROWSY,DROWSY,WARNING
156.9,DROWSY,DROWSY,DROWSY,WARNING
157.0,DROWSY,DROWSY,DROWSY,WARNING
157.1,DROWSY,DROWSY,DROWSY,WARNING
157.2,DROWSY,DROWSY,DROWSY,WARNING
157.3,DROWSY,DROWSY,DROWSY,WARNING
157.4,DROWSY,DROWSY,DROWSY,WARNING
157.5,DROWSY,DROWSY,DROWSY,WARNING
157.6,DROWSY,DROWSY,DROWSY,WARNING
157.7,DROWSY,DROWSY,DROWSY,WARNING
157.8,DROWSY,DROWSY,DROWSY,WARNING
157.9,DROWSY,DROWSY,DROWSY,WARNING
158.0,DROWSY,DROWSY,DROWSY,WARNING
158.1,DROWSY,DROWSY,DROWSY,WARNING
158.2,DROWSY,DROWSY,DROWSY,WARNING
158.3,DROWSY,DROWSY,DROWSY,WARNING
158.4,DROWSY,DROWSY,DROWSY,WARNING
158.5,DROWSY,DROWSY,DROWSY,WARNING
158.6,DROWSY,DROWSY,DROWSY,WARNING
158.7,DROWSY,DROWSY,DROWSY,WARNING
158.8,DROWSY,DROWSY,DROWSY,WARNING
158.9,DROWSY,DROWSY,DROWSY,WARNING
159.0,DROWSY,DROWSY,DROWSY,WARNING
159.1,DROWSY,DROWSY,DROWSY,WARNING
159.2,DROWSY,DROWSY,DROWSY,WARNING
159.3,DROWSY,DROWSY,DROWSY,WARNING
159.4,DROWSY,DROWSY,DROWSY,WARNING
159.5,DROWSY,DROWSY,DROWSY,WARNING
159.6,DROWSY,DROWSY,DROWSY,WARNING
159.7,DROWSY,DROWSY,DROWSY,WARNING
159.8,DROWSY,DROWSY,DROWSY,WARNING
159.9,DROWSY,DROWSY,DROWSY,WARNING
160.0,DROWSY,DROWSY,DROWSY,WARNING
160.1,DROWSY,DROWSY,DROWSY,WARNING
160.2,DROWSY,DROWSY,DROWSY,WARNING
160.3,DROWSY,DROWSY,DROWSY,WARNING
160.4,DROWSY,DROWSY,DROWSY,WARNING
160.5,DROWSY,DROWSY,DROWSY,WARNING
160.6,DROWSY,DROWSY,DROWSY,WARNING
160.7,DROWSY,DROWSY,DROWSY,WARNING
160.8,DROWSY,DROWSY,DROWSY,WARNING
160.9,DROWSY,DROWSY,DROWSY,WARNING
161.0,DROWSY,DROWSY,DROWSY,WARNING
161.1,DROWSY,DROWSY,DROWSY,WARNING
161.2,DROWSY,DROWSY,DROWSY,WARNING
161.3,DROWSY,DROWSY,DROWSY,WARNING
161.4,DROWSY,DROWSY,DROWSY,WARNING
161.5,DROWSY,DROWSY,DROWSY,WARNING
161.6,DROWSY,DROWSY,DROWSY,WARNING
161.7,DROWSY,DROWSY,DROWSY,WARNING
161.8,DROWSY,DROWSY,DROWSY,WARNING
161.9,DROWSY,DROWSY,DROWSY,DROWSY
162.0,DROWSY,DROWSY,DROWSY,DROWSY
162.1,DROWSY,DROWSY,DROWSY,DROWSY
162.2,DROWSY,DROWSY,DROWSY,DROWSY
162.3,DROWSY,DROWSY,DROWSY,DROWSY
162.4,DROWSY,DROWSY,DROWSY,DROWSY
162.5,DROWSY,DROWSY,DROWSY,DROWSY
162.6,DROWSY,DROWSY,DROWSY,DROWSY
162.7,DROWSY,DROWSY,DROWSY,DROWSY
162.8,DROWSY,DROWSY,DROWSY,DROWSY
162.9,DROWSY,DROWSY,DROWSY,DROWSY
163.0,DROWSY,DROWSY,DROWSY,DROWSY
163.1,DROWSY,DROWSY,DROWSY,DROWSY
163.2,DROWSY,DROWSY,DROWSY,DROWSY
163.3,DROWSY,DROWSY,DROWSY,DROWSY
163.4,DROWSY,DROWSY,DROWSY,DROWSY
163.5,DROWSY,DROWSY,DROWSY,DROWSY
163.6,DROWSY,DROWSY,DROWSY,DROWSY
163.7,DROWSY,DROWSY,DROWSY,DROWSY
163.8,DROWSY,DROWSY,DROWSY,DROWSY
163.9,DROWSY,DROWSY,DROWSY,DROWSY
164.0,DROWSY,DROWSY,DROWSY,DROWSY
164.1,DROWSY,DROWSY,DROWSY,DROWSY
164.2,DROWSY,DROWSY,DROWSY,DROWSY
164.3,DROWSY,DROWSY,DROWSY,DROWSY
164.4,DROWSY,DROWSY,DROWSY,DROWSY
164.5,DROWSY,DROWSY,DROWSY,DROWSY
164.6,DROWSY,DROWSY,DROWSY,DROWSY
164.7,DROWSY,DROWSY,DROWSY,DROWSY
164.8,DROWSY,DROWSY,DROWSY,DROWSY
164.9,DROWSY,DROWSY,DROWSY,DROWSY
165.0,DROWSY,DROWSY,DROWSY,DROWSY
165.1,DROWSY,DROWSY,DROWSY,DROWSY
165.2,DROWSY,DROWSY,DROWSY,DROWSY
165.3,DROWSY,DROWSY,DROWSY,DROWSY
165.4,DROWSY,DROWSY,DROWSY,DROWSY
165.5,DROWSY,DROWSY,DROWSY,DROWSY
165.6,DROWSY,DROWSY,DROWSY,DROWSY
165.7,DROWSY,DROWSY,DROWSY,DROWSY
165.8,DROWSY,DROWSY,DROWSY,DROWSY
165.9,DROWSY,DROWSY,DROWSY,DROWSY
166.0,DROWSY,DROWSY,DROWSY,DROWSY
166.1,DROWSY,DROWSY,DROWSY,DROWSY
166.2,DROWSY,DROWSY,DROWSY,DROWSY
166.3,DROWSY,DROWSY,DROWSY,DROWSY
166.4,DROWSY,DROWSY,DROWSY,DROWSY
166.5,DROWSY,DROWSY,DROWSY,DROWSY
166.6,DROWSY,DROWSY,DROWSY,DROWSY
166.7,DROWSY,DROWSY,DROWSY,DROWSY
166.8,DROWSY,DROWSY,DROWSY,DROWSY
166.9,DROWSY,DROWSY,DROWSY,DROWSY
167.0,DROWSY,DROWSY,DROWSY,DROWSY
167.1,DROWSY,DROWSY,DROWSY,DROWSY
167.2,DROWSY,DROWSY,DROWSY,DROWSY
167.3,DROWSY,DROWSY,DROWSY,DROWSY
167.4,DROWSY,DROWSY,DROWSY,DROWSY
167.5,DROWSY,DROWSY,DROWSY,DROWSY
167.6,DROWSY,DROWSY,DROWSY,DROWSY
167.7,DROWSY,DROWSY,DROWSY,DROWSY
167.8,DROWSY,DROWSY,DROWSY,DROWSY
167.9,DROWSY,DROWSY,DROWSY,DROWSY
168.0,DROWSY,DROWSY,DROWSY,DROWSY
168.1,DROWSY,DROWSY,DROWSY,DROWSY
168.2,DROWSY,DROWSY,DROWSY,DROWSY
168.3,DROWSY,DROWSY,DROWSY,DROWSY
168.4,DROWSY,DROWSY,DROWSY,DROWSY
168.5,DROWSY,DROWSY,DROWSY,DROWSY
168.6,DROWSY,DROWSY,DROWSY,DROWSY
168.7,DROWSY,DROWSY,DROWSY,DROWSY
168.8,DROWSY,DROWSY,DROWSY,DROWSY
168.9,DROWSY,DROWSY,DROWSY,DROWSY
169.0,DROWSY,DROWSY,DROWSY,DROWSY
169.1,DROWSY,DROWSY,DROWSY,DROWSY
169.2,DROWSY,DROWSY,DROWSY,DROWSY
169.3,DROWSY,DROWSY,DROWSY,DROWSY
169.4,DROWSY,DROWSY,DROWSY,DROWSY
169.5,DROWSY,DROWSY,DROWSY,DROWSY
169.6,DROWSY,DROWSY,DROWSY,DROWSY
169.7,DROWSY,DROWSY,DROWSY,DROWSY
169.8,DROWSY,DROWSY,DROWSY,DROWSY
169.9,DROWSY,DROWSY,DROWSY,DROWSY
170.0,DROWSY,DROWSY,DROWSY,DROWSY
170.1,DROWSY,DROWSY,DROWSY,DROWSY
170.2,DROWSY,DROWSY,DROWSY,DROWSY
170.3,DROWSY,DROWSY,DROWSY,DROWSY
170.4,DROWSY,DROWSY,DROWSY,DROWSY
170.5,DROWSY,DROWSY,DROWSY,DROWSY
170.6,DROWSY,DROWSY,DROWSY,DROWSY
170.7,DROWSY,DROWSY,DROWSY,DROWSY
170.8,DROWSY,DROWSY,DROWSY,DROWSY
170.9,DROWSY,DROWSY,DROWSY,DROWSY
171.0,DROWSY,DROWSY,DROWSY,DROWSY
171.1,DROWSY,DROWSY,DROWSY,DROWSY
171.2,DROWSY,DROWSY,DROWSY,DROWSY
171.3,DROWSY,DROWSY,DROWSY,DROWSY
171.4,DROWSY,DROWSY,DROWSY,DROWSY
171.5,DROWSY,DROWSY,DROWSY,DROWSY
171.6,DROWSY,DROWSY,DROWSY,DROWSY
171.7,DROWSY,DROWSY,DROWSY,DROWSY
171.8,DROWSY,DROWSY,DROWSY,DROWSY
171.9,DROWSY,DROWSY,DROWSY,DROWSY
172.0,DROWSY,DROWSY,DROWSY,DROWSY
172.1,DROWSY,DROWSY,DROWSY,DROWSY
172.2,DROWSY,DROWSY,DROWSY,DROWSY
172.3,DROWSY,DROWSY,DROWSY,DROWSY
172.4,DROWSY,DROWSY,DROWSY,DROWSY
172.5,DROWSY,DROWSY,DROWSY,DROWSY
172.6,DROWSY,DROWSY,DROWSY,DROWSY
172.7,DROWSY,DROWSY,DROWSY,DROWSY
172.8,DROWSY,DROWSY,DROWSY,DROWSY
172.9,DROWSY,DROWSY,DROWSY,DROWSY
173.0,DROWSY,DROWSY,DROWSY,DROWSY
173.1,DROWSY,DROWSY,DROWSY,DROWSY
173.2,DROWSY,DROWSY,DROWSY,DROWSY
173.3,DROWSY,DROWSY,DROWSY,DROWSY
173.4,DROWSY,DROWSY,DROWSY,DROWSY
173.5,DROWSY,DROWSY,DROWSY,DROWSY
173.6,DROWSY,DROWSY,DROWSY,DROWSY
173.7,DROWSY,DROWSY,DROWSY,DROWSY
173.8,DROWSY,DROWSY,DROWSY,DROWSY
173.9,DROWSY,DROWSY,DROWSY,DROWSY
174.0,DROWSY,DROWSY,DROWSY,DROWSY
174.1,DROWSY,DROWSY,DROWSY,DROWSY
174.2,DROWSY,DROWSY,DROWSY,DROWSY
174.3,DROWSY,DROWSY,DROWSY,DROWSY
174.4,DROWSY,DROWSY,DROWSY,DROWSY
174.5,DROWSY,DROWSY,DROWSY,DROWSY
174.6,DROWSY,DROWSY,DROWSY,DROWSY
174.7,DROWSY,DROWSY,DROWSY,DROWSY
174.8,DROWSY,DROWSY,DROWSY,DROWSY
174.9,DROWSY,DROWSY,DROWSY,DROWSY
175.0,DROWSY,DROWSY,DROWSY,DROWSY
175.1,DROWSY,DROWSY,DROWSY,DROWSY
175.2,DROWSY,DROWSY,DROWSY,DROWSY
175.3,DROWSY,DROWSY,DROWSY,DROWSY
175.4,DROWSY,DROWSY,DROWSY,DROWSY
175.5,DROWSY,DROWSY,DROWSY,DROWSY
175.6,DROWSY,DROWSY,DROWSY,DROWSY
175.7,DROWSY,DROWSY,DROWSY,DROWSY
175.8,DROWSY,DROWSY,DROWSY,DROWSY
175.9,DROWSY,DROWSY,DROWSY,DROWSY
176.0,DROWSY,DROWSY,DROWSY,DROWSY
176.1,DROWSY,DROWSY,DROWSY,DROWSY
176.2,DROWSY,DROWSY,DROWSY,DROWSY
176.3,DROWSY,DROWSY,DROWSY,DROWSY
176.4,DROWSY,DROWSY,DROWSY,DROWSY
176.5,DROWSY,DROWSY,DROWSY,DROWSY
176.6,DROWSY,DROWSY,DROWSY,DROWSY
176.7,DROWSY,DROWSY,DROWSY,DROWSY
176.8,DROWSY,DROWSY,DROWSY,DROWSY
176.9,DROWSY,DROWSY,DROWSY,DROWSY
177.0,DROWSY,DROWSY,DROWSY,DROWSY
177.1,DROWSY,DROWSY,DROWSY,DROWSY
177.2,DROWSY,DROWSY,DROWSY,DROWSY
177.3,DROWSY,DROWSY,DROWSY,DROWSY
177.4,DROWSY,DROWSY,DROWSY,DROWSY
177.5,DROWSY,DROWSY,DROWSY,DROWSY
177.6,DROWSY,DROWSY,DROWSY,DROWSY
177.7,DROWSY,DROWSY,DROWSY,DROWSY
177.8,DROWSY,DROWSY,DROWSY,DROWSY
177.9,DROWSY,DROWSY,DROWSY,DROWSY
178.0,DROWSY,DROWSY,DROWSY,DROWSY
178.1,DROWSY,DROWSY,DROWSY,DROWSY
178.2,DROWSY,DROWSY,DROWSY,DROWSY
178.3,DROWSY,DROWSY,DROWSY,DROWSY
178.4,DROWSY,DROWSY,DROWSY,DROWSY
178.5,DROWSY,DROWSY,DROWSY,DROWSY
178.6,DROWSY,DROWSY,DROWSY,DROWSY
178.7,DROWSY,DROWSY,DROWSY,DROWSY
178.8,DROWSY,DROWSY,DROWSY,DROWSY
178.9,DROWSY,DROWSY,DROWSY,DROWSY
179.0,DROWSY,DROWSY,DROWSY,DROWSY
179.1,DROWSY,DROWSY,DROWSY,DROWSY
179.2,DROWSY,DROWSY,DROWSY,DROWSY
179.3,DROWSY,DROWSY,DROWSY,DROWSY
179.4,DROWSY,DROWSY,DROWSY,DROWSY
179.5,DROWSY,DROWSY,DROWSY,DROWSY
179.6,DROWSY,DROWSY,DROWSY,DROWSY
179.7,DROWSY,DROWSY,DROWSY,DROWSY
179.8,DROWSY,DROWSY,DROWSY,DROWSY
179.9,DROWSY,DROWSY,DROWSY,DROWSY
180.0,DROWSY,DROWSY,DROWSY,DROWSY
180.1,DROWSY,DROWSY,DROWSY,DROWSY
180.2,DROWSY,DROWSY,DROWSY,DROWSY
180.3,DROWSY,DROWSY,DROWSY,DROWSY
180.4,DROWSY,DROWSY,DROWSY,DROWSY
180.5,DROWSY,DROWSY,DROWSY,DROWSY
180.6,DROWSY,DROWSY,DROWSY,DROWSY
180.7,DROWSY,DROWSY,DROWSY,DROWSY
180.8,DROWSY,DROWSY,DROWSY,DROWSY
180.9,DROWSY,DROWSY,DROWSY,DROWSY
181.0,DROWSY,DROWSY,DROWSY,DROWSY
181.1,DROWSY,DROWSY,DROWSY,DROWSY
181.2,DROWSY,DROWSY,DROWSY,DROWSY
181.3,DROWSY,DROWSY,DROWSY,DROWSY
181.4,DROWSY,DROWSY,DROWSY,DROWSY
181.5,DROWSY,DROWSY,DROWSY,DROWSY
181.6,DROWSY,DROWSY,DROWSY,DROWSY
181.7,DROWSY,DROWSY,DROWSY,DROWSY
181.8,DROWSY,DROWSY,DROWSY,DROWSY
181.9,DROWSY,DROWSY,DROWSY,DROWSY
182.0,DROWSY,DROWSY,DROWSY,DROWSY
182.1,DROWSY,DROWSY,DROWSY,DROWSY
182.2,DROWSY,DROWSY,DROWSY,DROWSY
182.3,DROWSY,DROWSY,DROWSY,DROWSY
182.4,DROWSY,DROWSY,DROWSY,DROWSY
182.5,DROWSY,DROWSY,DROWSY,DROWSY
182.6,DROWSY,DROWSY,DROWSY,DROWSY
182.7,DROWSY,DROWSY,DROWSY,DROWSY
182.8,DROWSY,DROWSY,DROWSY,DROWSY
182.9,DROWSY,DROWSY,DROWSY,DROWSY
183.0,DROWSY,DROWSY,DROWSY,DROWSY
183.1,DROWSY,DROWSY,DROWSY,DROWSY
183.2,DROWSY,DROWSY,DROWSY,DROWSY
183.3,DROWSY,DROWSY,DROWSY,DROWSY
183.4,DROWSY,DROWSY,DROWSY,DROWSY
183.5,DROWSY,DROWSY,DROWSY,DROWSY
183.6,DROWSY,DROWSY,DROWSY,DROWSY
183.7,DROWSY,DROWSY,DROWSY,DROWSY
183.8,DROWSY,DROWSY,DROWSY,DROWSY
183.9,DROWSY,DROWSY,DROWSY,DROWSY
184.0,DROWSY,DROWSY,DROWSY,DROWSY
184.1,DROWSY,DROWSY,DROWSY,DROWSY
184.2,DROWSY,DROWSY,DROWSY,DROWSY
184.3,DROWSY,DROWSY,DROWSY,DROWSY
184.4,DROWSY,DROWSY,DROWSY,DROWSY
184.5,DROWSY,DROWSY,DROWSY,DROWSY
184.6,DROWSY,DROWSY,DROWSY,DROWSY
184.7,DROWSY,DROWSY,DROWSY,DROWSY
184.8,DROWSY,DROWSY,DROWSY,DROWSY
184.9,DROWSY,DROWSY,DROWSY,DROWSY
185.0,DROWSY,DROWSY,DROWSY,DROWSY
185.1,DROWSY,DROWSY,DROWSY,DROWSY
185.2,DROWSY,DROWSY,DROWSY,DROWSY
185.3,DROWSY,DROWSY,DROWSY,DROWSY
185.4,DROWSY,DROWSY,DROWSY,DROWSY
185.5,DROWSY,DROWSY,DROWSY,DROWSY
185.6,DROWSY,DROWSY,DROWSY,DROWSY
185.7,DROWSY,DROWSY,DROWSY,DROWSY
185.8,DROWSY,DROWSY,DROWSY,DROWSY
185.9,DROWSY,DROWSY,DROWSY,DROWSY
186.0,DROWSY,DROWSY,DROWSY,DROWSY
186.1,DROWSY,DROWSY,DROWSY,DROWSY
186.2,DROWSY,DROWSY,DROWSY,DROWSY
186.3,DROWSY,DROWSY,DROWSY,DROWSY
186.4,DROWSY,DROWSY,DROWSY,DROWSY
186.5,DROWSY,DROWSY,DROWSY,DROWSY
186.6,DROWSY,DROWSY,DROWSY,DROWSY
186.7,DROWSY,DROWSY,DROWSY,DROWSY
186.8,DROWSY,DROWSY,DROWSY,DROWSY
186.9,DROWSY,DROWSY,DROWSY,DROWSY
187.0,DROWSY,DROWSY,DROWSY,DROWSY
187.1,DROWSY,DROWSY,DROWSY,DROWSY
187.2,DROWSY,DROWSY,DROWSY,DROWSY
187.3,DROWSY,DROWSY,DROWSY,DROWSY
187.4,DROWSY,DROWSY,DROWSY,DROWSY
187.5,DROWSY,DROWSY,DROWSY,DROWSY
187.6,DROWSY,DROWSY,DROWSY,DROWSY
187.7,DROWSY,DROWSY,DROWSY,DROWSY
187.8,DROWSY,DROWSY,DROWSY,DROWSY
187.9,DROWSY,DROWSY,DROWSY,DROWSY
188.0,DROWSY,DROWSY,DROWSY,DROWSY
188.1,DROWSY,DROWSY,DROWSY,DROWSY
188.2,DROWSY,DROWSY,DROWSY,DROWSY
188.3,DROWSY,DROWSY,DROWSY,DROWSY
188.4,DROWSY,DROWSY,DROWSY,DROWSY
188.5,DROWSY,DROWSY,DROWSY,DROWSY
188.6,DROWSY,DROWSY,DROWSY,DROWSY
188.7,DROWSY,DROWSY,DROWSY,DROWSY
188.8,DROWSY,DROWSY,DROWSY,DROWSY
188.9,DROWSY,DROWSY,DROWSY,DROWSY
189.0,DROWSY,DROWSY,DROWSY,DROWSY
189.1,DROWSY,DROWSY,DROWSY,DROWSY
189.2,DROWSY,DROWSY,DROWSY,DROWSY
189.3,DROWSY,DROWSY,DROWSY,DROWSY
189.4,DROWSY,DROWSY,DROWSY,DROWSY
189.5,DROWSY,DROWSY,DROWSY,DROWSY
189.6,DROWSY,DROWSY,DROWSY,DROWSY
189.7,DROWSY,DROWSY,DROWSY,DROWSY
189.8,DROWSY,DROWSY,DROWSY,DROWSY
189.9,DROWSY,DROWSY,DROWSY,DROWSY
190.0,DROWSY,DROWSY,DROWSY,DROWSY
190.1,DROWSY,DROWSY,DROWSY,DROWSY
190.2,DROWSY,DROWSY,DROWSY,DROWSY
190.3,DROWSY,DROWSY,DROWSY,DROWSY
190.4,DROWSY,DROWSY,DROWSY,DROWSY
190.5,DROWSY,DROWSY,DROWSY,DROWSY
190.6,DROWSY,DROWSY,DROWSY,DROWSY
190.7,DROWSY,DROWSY,DROWSY,DROWSY
190.8,DROWSY,DROWSY,DROWSY,DROWSY
190.9,DROWSY,DROWSY,DROWSY,DROWSY
191.0,DROWSY,DROWSY,DROWSY,DROWSY
191.1,DROWSY,DROWSY,DROWSY,DROWSY
191.2,DROWSY,DROWSY,DROWSY,DROWSY
191.3,DROWSY,DROWSY,DROWSY,DROWSY
191.4,DROWSY,DROWSY,DROWSY,DROWSY
191.5,DROWSY,DROWSY,DROWSY,DROWSY
191.6,DROWSY,DROWSY,DROWSY,DROWSY
191.7,DROWSY,DROWSY,DROWSY,DROWSY
191.8,DROWSY,DROWSY,DROWSY,DROWSY
191.9,DROWSY,DROWSY,DROWSY,DROWSY
192.0,DROWSY,DROWSY,DROWSY,DROWSY
192.1,DROWSY,DROWSY,DROWSY,DROWSY
192.2,DROWSY,DROWSY,DROWSY,DROWSY
192.3,DROWSY,DROWSY,DROWSY,DROWSY
192.4,DROWSY,DROWSY,DROWSY,DROWSY
192.5,DROWSY,DROWSY,DROWSY,DROWSY
192.6,DROWSY,DROWSY,DROWSY,DROWSY
192.7,DROWSY,DROWSY,DROWSY,DROWSY
192.8,DROWSY,DROWSY,DROWSY,DROWSY
192.9,DROWSY,DROWSY,DROWSY,DROWSY
193.0,DROWSY,DROWSY,DROWSY,DROWSY
193.1,DROWSY,DROWSY,DROWSY,DROWSY
193.2,DROWSY,DROWSY,DROWSY,DROWSY
193.3,DROWSY,DROWSY,DROWSY,DROWSY
193.4,DROWSY,DROWSY,DROWSY,DROWSY
193.5,DROWSY,DROWSY,DROWSY,DROWSY
193.6,DROWSY,DROWSY,DROWSY,DROWSY
193.7,DROWSY,DROWSY,DROWSY,DROWSY
193.8,DROWSY,DROWSY,DROWSY,DROWSY
193.9,DROWSY,DROWSY,DROWSY,DROWSY
194.0,DROWSY,DROWSY,DROWSY,DROWSY
194.1,DROWSY,DROWSY,DROWSY,DROWSY
194.2,DROWSY,DROWSY,DROWSY,DROWSY
194.3,DROWSY,DROWSY,DROWSY,DROWSY
194.4,DROWSY,DROWSY,DROWSY,DROWSY
194.5,DROWSY,DROWSY,DROWSY,DROWSY
194.6,DROWSY,DROWSY,DROWSY,DROWSY
194.7,DROWSY,DROWSY,DROWSY,DROWSY
194.8,DROWSY,DROWSY,DROWSY,DROWSY
194.9,DROWSY,DROWSY,DROWSY,DROWSY
195.0,DROWSY,DROWSY,DROWSY,DROWSY
195.1,DROWSY,DROWSY,DROWSY,DROWSY
195.2,DROWSY,DROWSY,DROWSY,DROWSY
195.3,DROWSY,DROWSY,DROWSY,DROWSY
195.4,DROWSY,DROWSY,DROWSY,DROWSY
195.5,DROWSY,DROWSY,DROWSY,DROWSY
195.6,DROWSY,DROWSY,DROWSY,DROWSY
195.7,DROWSY,DROWSY,DROWSY,DROWSY
195.8,DROWSY,DROWSY,DROWSY,DROWSY
195.9,DROWSY,DROWSY,DROWSY,DROWSY
196.0,DROWSY,DROWSY,DROWSY,DROWSY
196.1,DROWSY,DROWSY,DROWSY,DROWSY
196.2,DROWSY,DROWSY,DROWSY,DROWSY
196.3,DROWSY,DROWSY,DROWSY,DROWSY
196.4,DROWSY,DROWSY,DROWSY,DROWSY
196.5,DROWSY,DROWSY,DROWSY,DROWSY
196.6,DROWSY,DROWSY,DROWSY,DROWSY
196.7,DROWSY,DROWSY,DROWSY,DROWSY
196.8,DROWSY,DROWSY,DROWSY,DROWSY
196.9,DROWSY,DROWSY,DROWSY,DROWSY
197.0,DROWSY,DROWSY,DROWSY,DROWSY
197.1,DROWSY,DROWSY,DROWSY,DROWSY
197.2,DROWSY,DROWSY,DROWSY,DROWSY
197.3,DROWSY,DROWSY,DROWSY,DROWSY
197.4,DROWSY,DROWSY,DROWSY,DROWSY
197.5,DROWSY,DROWSY,DROWSY,DROWSY
197.6,DROWSY,DROWSY,DROWSY,DROWSY
197.7,DROWSY,DROWSY,DROWSY,DROWSY
197.8,DROWSY,DROWSY,DROWSY,DROWSY
197.9,DROWSY,DROWSY,DROWSY,DROWSY
198.0,DROWSY,DROWSY,DROWSY,DROWSY
198.1,DROWSY,DROWSY,DROWSY,DROWSY
198.2,DROWSY,DROWSY,DROWSY,DROWSY
198.3,DROWSY,DROWSY,DROWSY,DROWSY
198.4,DROWSY,DROWSY,DROWSY,DROWSY
198.5,DROWSY,DROWSY,DROWSY,DROWSY
198.6,DROWSY,DROWSY,DROWSY,DROWSY
198.7,DROWSY,DROWSY,DROWSY,DROWSY
198.8,DROWSY,DROWSY,DROWSY,DROWSY
198.9,DROWSY,DROWSY,DROWSY,DROWSY
199.0,DROWSY,DROWSY,DROWSY,DROWSY
199.1,DROWSY,DROWSY,DROWSY,DROWSY
199.2,DROWSY,DROWSY,DROWSY,DROWSY
199.3,DROWSY,DROWSY,DROWSY,DROWSY
199.4,DROWSY,DROWSY,DROWSY,DROWSY
199.5,DROWSY,DROWSY,DROWSY,DROWSY
199.6,DROWSY,DROWSY,DROWSY,DROWSY
199.7,DROWSY,WARNING,DROWSY,DROWSY
199.8,DROWSY,WARNING,DROWSY,DROWSY
199.9,DROWSY,WARNING,DROWSY,DROWSY
200.0,DROWSY,WARNING,DROWSY,DROWSY
200.1,DROWSY,WARNING,DROWSY,DROWSY
200.2,DROWSY,WARNING,DROWSY,DROWSY
200.3,DROWSY,WARNING,DROWSY,DROWSY
200.4,DROWSY,WARNING,DROWSY,DROWSY
200.5,DROWSY,WARNING,DROWSY,DROWSY
200.6,DROWSY,WARNING,DROWSY,DROWSY
200.7,DROWSY,WARNING,DROWSY,DROWSY
200.8,DROWSY,WARNING,DROWSY,DROWSY
200.9,DROWSY,WARNING,DROWSY,DROWSY
201.0,DROWSY,DROWSY,DROWSY,DROWSY
201.1,DROWSY,DROWSY,DROWSY,DROWSY
201.2,DROWSY,DROWSY,DROWSY,DROWSY
201.3,DROWSY,DROWSY,DROWSY,DROWSY
201.4,DROWSY,DROWSY,DROWSY,DROWSY
201.5,DROWSY,DROWSY,DROWSY,DROWSY
201.6,DROWSY,DROWSY,DROWSY,DROWSY
201.7,DROWSY,DROWSY,DROWSY,DROWSY
201.8,DROWSY,DROWSY,DROWSY,DROWSY
201.9,DROWSY,DROWSY,DROWSY,DROWSY
202.0,DROWSY,DROWSY,DROWSY,DROWSY
202.1,DROWSY,DROWSY,DROWSY,DROWSY
202.2,DROWSY,DROWSY,DROWSY,DROWSY
202.3,DROWSY,DROWSY,DROWSY,DROWSY
202.4,DROWSY,DROWSY,DROWSY,DROWSY
202.5,DROWSY,DROWSY,DROWSY,DROWSY
202.6,DROWSY,WARNING,DROWSY,DROWSY
202.7,DROWSY,WARNING,DROWSY,DROWSY
202.8,DROWSY,WARNING,DROWSY,DROWSY
202.9,DROWSY,WARNING,DROWSY,DROWSY
203.0,DROWSY,WARNING,DROWSY,DROWSY
203.1,DROWSY,WARNING,DROWSY,DROWSY
203.2,DROWSY,WARNING,DROWSY,DROWSY
203.3,DROWSY,WARNING,DROWSY,DROWSY
203.4,DROWSY,WARNING,DROWSY,DROWSY
203.5,DROWSY,WARNING,DROWSY,DROWSY
203.6,DROWSY,WARNING,DROWSY,DROWSY
203.7,DROWSY,WARNING,DROWSY,DROWSY
203.8,DROWSY,WARNING,DROWSY,DROWSY
203.9,DROWSY,WARNING,DROWSY,DROWSY
204.0,DROWSY,WARNING,DROWSY,DROWSY
204.1,DROWSY,WARNING,DROWSY,DROWSY
204.2,DROWSY,WARNING,DROWSY,DROWSY
204.3,DROWSY,WARNING,DROWSY,DROWSY
204.4,DROWSY,WARNING,DROWSY,DROWSY
204.5,DROWSY,WARNING,DROWSY,DROWSY
204.6,DROWSY,WARNING,DROWSY,DROWSY
204.7,DROWSY,WARNING,DROWSY,DROWSY
204.8,DROWSY,WARNING,DROWSY,DROWSY
204.9,DROWSY,WARNING,DROWSY,DROWSY
205.0,DROWSY,WARNING,DROWSY,DROWSY
205.1,DROWSY,WARNING,DROWSY,DROWSY
205.2,DROWSY,WARNING,DROWSY,DROWSY
205.3,DROWSY,WARNING,DROWSY,DROWSY
205.4,DROWSY,WARNING,DROWSY,DROWSY
205.5,DROWSY,WARNING,DROWSY,DROWSY
205.6,DROWSY,WARNING,DROWSY,DROWSY
205.7,DROWSY,WARNING,DROWSY,DROWSY
205.8,DROWSY,WARNING,DROWSY,DROWSY
205.9,DROWSY,WARNING,DROWSY,DROWSY
206.0,DROWSY,WARNING,DROWSY,DROWSY
206.1,DROWSY,WARNING,DROWSY,DROWSY
206.2,DROWSY,WARNING,DROWSY,DROWSY
206.3,DROWSY,WARNING,DROWSY,DROWSY
206.4,DROWSY,WARNING,DROWSY,DROWSY
206.5,DROWSY,WARNING,DROWSY,DROWSY
206.6,DROWSY,WARNING,DROWSY,DROWSY
206.7,DROWSY,WARNING,DROWSY,DROWSY
206.8,DROWSY,WARNING,DROWSY,DROWSY
206.9,DROWSY,WARNING,DROWSY,DROWSY
207.0,DROWSY,WARNING,DROWSY,DROWSY
207.1,DROWSY,WARNING,DROWSY,DROWSY
207.2,DROWSY,WARNING,DROWSY,DROWSY
207.3,DROWSY,WARNING,DROWSY,DROWSY
207.4,DROWSY,WARNING,DROWSY,DROWSY
207.5,DROWSY,WARNING,DROWSY,DROWSY
207.6,DROWSY,WARNING,DROWSY,DROWSY
207.7,DROWSY,WARNING,DROWSY,DROWSY
207.8,DROWSY,WARNING,DROWSY,DROWSY
207.9,DROWSY,WARNING,DROWSY,DROWSY
208.0,DROWSY,WARNING,DROWSY,DROWSY
208.1,DROWSY,WARNING,DROWSY,DROWSY
208.2,DROWSY,WARNING,DROWSY,DROWSY
208.3,DROWSY,WARNING,DROWSY,DROWSY
208.4,DROWSY,WARNING,DROWSY,DROWSY
208.5,DROWSY,WARNING,DROWSY,DROWSY
208.6,DROWSY,WARNING,DROWSY,DROWSY
208.7,DROWSY,WARNING,DROWSY,DROWSY
208.8,DROWSY,WARNING,DROWSY,DROWSY
208.9,DROWSY,WARNING,DROWSY,DROWSY
209.0,DROWSY,WARNING,DROWSY,DROWSY
209.1,DROWSY,WARNING,DROWSY,DROWSY
209.2,DROWSY,WARNING,DROWSY,DROWSY
209.3,DROWSY,WARNING,DROWSY,DROWSY
209.4,DROWSY,WARNING,DROWSY,DROWSY
209.5,DROWSY,WARNING,DROWSY,DROWSY
209.6,DROWSY,WARNING,DROWSY,DROWSY
209.7,DROWSY,WARNING,DROWSY,DROWSY
209.8,DROWSY,WARNING,DROWSY,DROWSY
209.9,DROWSY,WARNING,DROWSY,DROWSY
210.0,DROWSY,WARNING,DROWSY,DROWSY
210.1,DROWSY,WARNING,DROWSY,DROWSY
210.2,DROWSY,WARNING,DROWSY,DROWSY
210.3,DROWSY,WARNING,DROWSY,DROWSY
210.4,DROWSY,WARNING,DROWSY,DROWSY
210.5,DROWSY,WARNING,DROWSY,DROWSY
210.6,DROWSY,WARNING,DROWSY,DROWSY
210.7,DROWSY,WARNING,DROWSY,DROWSY
210.8,DROWSY,WARNING,DROWSY,DROWSY
210.9,DROWSY,WARNING,DROWSY,DROWSY
211.0,DROWSY,WARNING,DROWSY,DROWSY
211.1,DROWSY,WARNING,DROWSY,DROWSY
211.2,DROWSY,WARNING,DROWSY,DROWSY
211.3,DROWSY,WARNING,DROWSY,DROWSY
211.4,DROWSY,WARNING,DROWSY,DROWSY
211.5,DROWSY,WARNING,DROWSY,DROWSY
211.6,DROWSY,WARNING,DROWSY,DROWSY
211.7,WARNING,WARNING,DROWSY,DROWSY
211.8,WARNING,WARNING,DROWSY,DROWSY
211.9,WARNING,WARNING,DROWSY,DROWSY
212.0,WARNING,WARNING,DROWSY,DROWSY
212.1,WARNING,WARNING,DROWSY,DROWSY
212.2,WARNING,WARNING,DROWSY,DROWSY
212.3,WARNING,WARNING,DROWSY,DROWSY
212.4,WARNING,WARNING,DROWSY,DROWSY
212.5,WARNING,WARNING,DROWSY,DROWSY
212.6,WARNING,WARNING,DROWSY,DROWSY
212.7,WARNING,WARNING,DROWSY,DROWSY
212.8,WARNING,WARNING,DROWSY,DROWSY
212.9,WARNING,WARNING,DROWSY,DROWSY
213.0,WARNING,WARNING,DROWSY,DROWSY
213.1,WARNING,WARNING,DROWSY,DROWSY
213.2,WARNING,WARNING,DROWSY,DROWSY
213.3,WARNING,WARNING,DROWSY,DROWSY
213.4,NORMAL,WARNING,DROWSY,DROWSY
213.5,NORMAL,WARNING,DROWSY,DROWSY
213.6,NORMAL,WARNING,DROWSY,DROWSY
213.7,NORMAL,WARNING,DROWSY,DROWSY
213.8,NORMAL,WARNING,DROWSY,DROWSY
213.9,NORMAL,WARNING,DROWSY,DROWSY
214.0,NORMAL,DROWSY,DROWSY,DROWSY
214.1,NORMAL,DROWSY,DROWSY,DROWSY
214.2,NORMAL,DROWSY,DROWSY,DROWSY
214.3,NORMAL,DROWSY,DROWSY,DROWSY
214.4,NORMAL,DROWSY,DROWSY,DROWSY
214.5,NORMAL,DROWSY,DROWSY,DROWSY
214.6,NORMAL,DROWSY,DROWSY,DROWSY
214.7,NORMAL,DROWSY,DROWSY,DROWSY
214.8,NORMAL,DROWSY,DROWSY,DROWSY
214.9,NORMAL,DROWSY,DROWSY,DROWSY
215.0,NORMAL,DROWSY,DROWSY,DROWSY
215.1,NORMAL,WARNING,DROWSY,DROWSY
215.2,NORMAL,WARNING,DROWSY,DROWSY
215.3,NORMAL,WARNING,DROWSY,DROWSY
215.4,NORMAL,WARNING,DROWSY,DROWSY
215.5,NORMAL,WARNING,DROWSY,DROWSY
215.6,NORMAL,WARNING,DROWSY,DROWSY
215.7,NORMAL,WARNING,DROWSY,DROWSY
215.8,NORMAL,WARNING,DROWSY,DROWSY
215.9,NORMAL,WARNING,DROWSY,DROWSY
216.0,NORMAL,WARNING,DROWSY,DROWSY
216.1,NORMAL,WARNING,DROWSY,DROWSY
216.2,NORMAL,WARNING,DROWSY,DROWSY
216.3,NORMAL,WARNING,DROWSY,DROWSY
216.4,NORMAL,WARNING,DROWSY,DROWSY
216.5,NORMAL,WARNING,DROWSY,DROWSY
216.6,NORMAL,WARNING,DROWSY,DROWSY
216.7,NORMAL,WARNING,DROWSY,DROWSY
216.8,NORMAL,WARNING,DROWSY,DROWSY
216.9,NORMAL,WARNING,DROWSY,DROWSY
217.0,NORMAL,WARNING,DROWSY,DROWSY
217.1,NORMAL,WARNING,WARNING,DROWSY
217.2,NORMAL,WARNING,WARNING,DROWSY
217.3,NORMAL,WARNING,WARNING,DROWSY
217.4,NORMAL,WARNING,WARNING,DROWSY
217.5,NORMAL,WARNING,WARNING,DROWSY
217.6,NORMAL,WARNING,WARNING,DROWSY
217.7,NORMAL,WARNING,WARNING,DROWSY
217.8,NORMAL,WARNING,WARNING,DROWSY
217.9,NORMAL,WARNING,WARNING,DROWSY
218.0,NORMAL,WARNING,WARNING,DROWSY
218.1,NORMAL,WARNING,WARNING,DROWSY
218.2,NORMAL,WARNING,WARNING,DROWSY
218.3,NORMAL,WARNING,WARNING,DROWSY
218.4,NORMAL,WARNING,WARNING,DROWSY
218.5,NORMAL,WARNING,WARNING,DROWSY
218.6,NORMAL,WARNING,WARNING,DROWSY
218.7,NORMAL,WARNING,WARNING,DROWSY
218.8,NORMAL,WARNING,WARNING,DROWSY
218.9,NORMAL,WARNING,WARNING,DROWSY
219.0,NORMAL,WARNING,WARNING,DROWSY
219.1,NORMAL,WARNING,WARNING,DROWSY
219.2,NORMAL,WARNING,WARNING,DROWSY
219.3,NORMAL,WARNING,WARNING,DROWSY
219.4,NORMAL,WARNING,WARNING,DROWSY
219.5,NORMAL,WARNING,WARNING,DROWSY
219.6,NORMAL,WARNING,WARNING,DROWSY
219.7,NORMAL,WARNING,WARNING,DROWSY
219.8,NORMAL,WARNING,WARNING,DROWSY
219.9,NORMAL,WARNING,WARNING,DROWSY
220.0,NORMAL,WARNING,WARNING,DROWSY
220.1,NORMAL,WARNING,WARNING,DROWSY
220.2,NORMAL,WARNING,WARNING,DROWSY
220.3,NORMAL,WARNING,WARNING,WARNING
220.4,NORMAL,WARNING,WARNING,WARNING
220.5,NORMAL,WARNING,WARNING,WARNING
220.6,NORMAL,WARNING,WARNING,WARNING
220.7,NORMAL,WARNING,WARNING,WARNING
220.8,NORMAL,WARNING,WARNING,WARNING
220.9,NORMAL,WARNING,WARNING,WARNING
221.0,NORMAL,WARNING,WARNING,WARNING
221.1,NORMAL,WARNING,WARNING,WARNING
221.2,NORMAL,WARNING,WARNING,WARNING
221.3,NORMAL,WARNING,WARNING,WARNING
221.4,NORMAL,WARNING,WARNING,WARNING
221.5,NORMAL,WARNING,WARNING,WARNING
221.6,NORMAL,WARNING,WARNING,WARNING
221.7,NORMAL,WARNING,WARNING,WARNING
221.8,NORMAL,WARNING,WARNING,WARNING
221.9,NORMAL,WARNING,WARNING,WARNING
222.0,NORMAL,WARNING,WARNING,WARNING
222.1,NORMAL,WARNING,WARNING,WARNING
222.2,NORMAL,WARNING,WARNING,WARNING
222.3,NORMAL,WARNING,WARNING,WARNING
222.4,NORMAL,WARNING,WARNING,WARNING
222.5,NORMAL,WARNING,WARNING,WARNING
222.6,NORMAL,WARNING,WARNING,WARNING
222.7,NORMAL,WARNING,WARNING,WARNING
222.8,NORMAL,WARNING,WARNING,WARNING
222.9,NORMAL,WARNING,WARNING,WARNING
223.0,NORMAL,WARNING,WARNING,WARNING
223.1,NORMAL,WARNING,WARNING,WARNING
223.2,NORMAL,WARNING,WARNING,WARNING
223.3,NORMAL,WARNING,WARNING,WARNING
223.4,NORMAL,WARNING,WARNING,WARNING
223.5,NORMAL,WARNING,WARNING,WARNING
223.6,NORMAL,WARNING,WARNING,WARNING
223.7,NORMAL,WARNING,WARNING,WARNING
223.8,NORMAL,WARNING,WARNING,WARNING
223.9,NORMAL,WARNING,WARNING,WARNING
224.0,NORMAL,WARNING,WARNING,WARNING
224.1,NORMAL,WARNING,WARNING,WARNING
224.2,NORMAL,WARNING,WARNING,WARNING
224.3,NORMAL,WARNING,WARNING,WARNING
224.4,NORMAL,WARNING,WARNING,WARNING
224.5,NORMAL,WARNING,WARNING,WARNING
224.6,NORMAL,WARNING,WARNING,WARNING
224.7,NORMAL,WARNING,WARNING,WARNING
224.8,NORMAL,WARNING,WARNING,WARNING
224.9,NORMAL,WARNING,WARNING,WARNING
225.0,NORMAL,WARNING,WARNING,WARNING
225.1,NORMAL,WARNING,WARNING,WARNING
225.2,NORMAL,WARNING,WARNING,WARNING
225.3,NORMAL,WARNING,WARNING,WARNING
225.4,NORMAL,WARNING,WARNING,WARNING
225.5,NORMAL,WARNING,WARNING,WARNING
225.6,NORMAL,WARNING,WARNING,WARNING
225.7,NORMAL,WARNING,WARNING,WARNING
225.8,NORMAL,WARNING,WARNING,WARNING
225.9,NORMAL,WARNING,WARNING,WARNING
226.0,NORMAL,WARNING,WARNING,WARNING
226.1,NORMAL,WARNING,WARNING,WARNING
226.2,NORMAL,WARNING,WARNING,WARNING
226.3,NORMAL,WARNING,WARNING,WARNING
226.4,NORMAL,WARNING,WARNING,WARNING
226.5,NORMAL,WARNING,WARNING,WARNING
226.6,NORMAL,WARNING,WARNING,WARNING
226.7,NORMAL,WARNING,WARNING,WARNING
226.8,NORMAL,WARNING,WARNING,WARNING
226.9,NORMAL,WARNING,WARNING,WARNING
227.0,NORMAL,WARNING,WARNING,WARNING
227.1,NORMAL,WARNING,WARNING,WARNING
227.2,NORMAL,WARNING,WARNING,WARNING
227.3,NORMAL,WARNING,WARNING,WARNING
227.4,NORMAL,WARNING,WARNING,WARNING
227.5,NORMAL,WARNING,WARNING,WARNING
227.6,NORMAL,WARNING,WARNING,WARNING
227.7,NORMAL,WARNING,WARNING,WARNING
227.8,NORMAL,WARNING,WARNING,WARNING
227.9,NORMAL,WARNING,WARNING,WARNING
228.0,NORMAL,WARNING,WARNING,WARNING
228.1,NORMAL,WARNING,WARNING,WARNING
228.2,NORMAL,WARNING,WARNING,WARNING
228.3,NORMAL,WARNING,WARNING,WARNING
228.4,NORMAL,WARNING,WARNING,WARNING
228.5,NORMAL,WARNING,WARNING,WARNING
228.6,NORMAL,WARNING,WARNING,WARNING
228.7,NORMAL,WARNING,WARNING,WARNING
228.8,NORMAL,WARNING,WARNING,WARNING
228.9,NORMAL,WARNING,WARNING,WARNING
229.0,NORMAL,WARNING,WARNING,WARNING
229.1,NORMAL,WARNING,WARNING,WARNING
229.2,NORMAL,WARNING,WARNING,WARNING
229.3,NORMAL,WARNING,WARNING,WARNING
229.4,NORMAL,WARNING,WARNING,WARNING
229.5,NORMAL,WARNING,WARNING,WARNING
229.6,NORMAL,WARNING,WARNING,WARNING
229.7,NORMAL,WARNING,WARNING,WARNING
229.8,NORMAL,WARNING,WARNING,WARNING
229.9,NORMAL,WARNING,WARNING,WARNING
230.0,NORMAL,WARNING,WARNING,WARNING
230.1,NORMAL,WARNING,WARNING,WARNING
230.2,NORMAL,WARNING,WARNING,WARNING
230.3,NORMAL,WARNING,WARNING,WARNING
230.4,NORMAL,WARNING,WARNING,WARNING
230.5,NORMAL,WARNING,WARNING,WARNING
230.6,NORMAL,WARNING,WARNING,WARNING
230.7,NORMAL,WARNING,WARNING,WARNING
230.8,NORMAL,WARNING,WARNING,WARNING
230.9,NORMAL,WARNING,WARNING,WARNING
231.0,NORMAL,WARNING,WARNING,WARNING
231.1,NORMAL,WARNING,WARNING,WARNING
231.2,NORMAL,WARNING,WARNING,WARNING
231.3,NORMAL,WARNING,WARNING,WARNING
231.4,NORMAL,WARNING,WARNING,WARNING
231.5,NORMAL,WARNING,WARNING,WARNING
231.6,NORMAL,WARNING,WARNING,WARNING
231.7,NORMAL,WARNING,WARNING,WARNING
231.8,NORMAL,WARNING,WARNING,WARNING
231.9,NORMAL,WARNING,WARNING,WARNING
232.0,NORMAL,WARNING,WARNING,WARNING
232.1,NORMAL,WARNING,WARNING,WARNING
232.2,NORMAL,WARNING,WARNING,WARNING
232.3,NORMAL,WARNING,WARNING,WARNING
232.4,NORMAL,WARNING,WARNING,WARNING
232.5,NORMAL,WARNING,WARNING,WARNING
232.6,NORMAL,WARNING,WARNING,WARNING
232.7,NORMAL,WARNING,WARNING,WARNING
232.8,NORMAL,WARNING,WARNING,WARNING
232.9,NORMAL,WARNING,WARNING,WARNING
233.0,NORMAL,WARNING,WARNING,WARNING
233.1,NORMAL,WARNING,WARNING,WARNING
233.2,NORMAL,WARNING,WARNING,WARNING
233.3,NORMAL,WARNING,WARNING,WARNING
233.4,NORMAL,WARNING,WARNING,WARNING
233.5,NORMAL,WARNING,WARNING,WARNING
233.6,NORMAL,WARNING,NORMAL,WARNING
233.7,NORMAL,WARNING,NORMAL,WARNING
233.8,NORMAL,WARNING,NORMAL,WARNING
233.9,NORMAL,WARNING,NORMAL,WARNING
234.0,NORMAL,WARNING,NORMAL,WARNING
234.1,NORMAL,WARNING,NORMAL,WARNING
234.2,NORMAL,WARNING,NORMAL,WARNING
234.3,NORMAL,WARNING,NORMAL,WARNING
234.4,NORMAL,WARNING,NORMAL,WARNING
234.5,NORMAL,WARNING,NORMAL,WARNING
234.6,NORMAL,WARNING,NORMAL,WARNING
234.7,NORMAL,WARNING,NORMAL,WARNING
234.8,NORMAL,WARNING,NORMAL,WARNING
234.9,NORMAL,WARNING,NORMAL,WARNING
235.0,NORMAL,WARNING,NORMAL,WARNING
235.1,NORMAL,WARNING,NORMAL,WARNING
235.2,NORMAL,WARNING,NORMAL,WARNING
235.3,NORMAL,WARNING,NORMAL,WARNING
235.4,NORMAL,WARNING,NORMAL,WARNING
235.5,NORMAL,WARNING,NORMAL,WARNING
235.6,NORMAL,WARNING,NORMAL,WARNING
235.7,NORMAL,WARNING,NORMAL,WARNING
235.8,NORMAL,WARNING,NORMAL,WARNING
235.9,NORMAL,WARNING,NORMAL,WARNING
236.0,NORMAL,WARNING,NORMAL,WARNING
236.1,NORMAL,WARNING,NORMAL,WARNING
236.2,NORMAL,WARNING,NORMAL,WARNING
236.3,NORMAL,WARNING,NORMAL,WARNING
236.4,NORMAL,WARNING,NORMAL,WARNING
236.5,NORMAL,WARNING,NORMAL,WARNING
236.6,NORMAL,WARNING,NORMAL,WARNING
236.7,NORMAL,WARNING,NORMAL,WARNING
236.8,NORMAL,WARNING,NORMAL,WARNING
236.9,NORMAL,WARNING,NORMAL,WARNING
237.0,NORMAL,WARNING,NORMAL,WARNING
237.1,NORMAL,WARNING,NORMAL,WARNING
237.2,NORMAL,WARNING,NORMAL,WARNING
237.3,NORMAL,WARNING,NORMAL,WARNING
237.4,NORMAL,WARNING,NORMAL,WARNING
237.5,NORMAL,WARNING,NORMAL,WARNING
237.6,NORMAL,WARNING,NORMAL,WARNING
237.7,NORMAL,WARNING,NORMAL,WARNING
237.8,NORMAL,WARNING,NORMAL,WARNING
237.9,NORMAL,WARNING,NORMAL,WARNING
238.0,NORMAL,WARNING,NORMAL,WARNING
238.1,NORMAL,WARNING,NORMAL,WARNING
238.2,NORMAL,WARNING,NORMAL,WARNING
238.3,NORMAL,WARNING,NORMAL,WARNING
238.4,NORMAL,WARNING,NORMAL,WARNING
238.5,NORMAL,WARNING,NORMAL,WARNING
238.6,NORMAL,WARNING,NORMAL,WARNING
238.7,NORMAL,WARNING,NORMAL,WARNING
238.8,NORMAL,WARNING,NORMAL,WARNING
238.9,NORMAL,WARNING,NORMAL,WARNING
239.0,NORMAL,WARNING,NORMAL,WARNING
239.1,NORMAL,WARNING,NORMAL,WARNING
239.2,NORMAL,WARNING,NORMAL,WARNING
239.3,NORMAL,WARNING,NORMAL,WARNING
239.4,NORMAL,WARNING,NORMAL,WARNING
239.5,NORMAL,WARNING,NORMAL,WARNING
239.6,NORMAL,WARNING,NORMAL,WARNING
239.7,NORMAL,WARNING,NORMAL,WARNING
239.8,NORMAL,WARNING,NORMAL,WARNING
239.9,NORMAL,WARNING,NORMAL,WARNING
240.0,NORMAL,WARNING,NORMAL,WARNING
240.1,NORMAL,WARNING,NORMAL,WARNING
240.2,NORMAL,WARNING,NORMAL,WARNING
240.3,NORMAL,WARNING,NORMAL,WARNING
240.4,NORMAL,WARNING,NORMAL,WARNING
240.5,NORMAL,WARNING,NORMAL,WARNING
240.6,NORMAL,WARNING,NORMAL,WARNING
240.7,NORMAL,WARNING,NORMAL,WARNING
240.8,NORMAL,WARNING,NORMAL,WARNING
240.9,NORMAL,WARNING,NORMAL,WARNING
241.0,NORMAL,WARNING,NORMAL,WARNING
241.1,NORMAL,WARNING,NORMAL,WARNING
241.2,NORMAL,WARNING,NORMAL,WARNING
241.3,NORMAL,WARNING,NORMAL,WARNING
241.4,NORMAL,WARNING,NORMAL,WARNING
241.5,NORMAL,WARNING,NORMAL,WARNING
241.6,NORMAL,WARNING,NORMAL,WARNING
241.7,NORMAL,WARNING,NORMAL,WARNING
241.8,NORMAL,WARNING,NORMAL,WARNING
241.9,NORMAL,WARNING,NORMAL,WARNING
242.0,NORMAL,WARNING,NORMAL,WARNING
242.1,NORMAL,WARNING,NORMAL,WARNING
242.2,NORMAL,WARNING,NORMAL,WARNING
242.3,NORMAL,WARNING,NORMAL,WARNING
242.4,NORMAL,WARNING,NORMAL,WARNING
242.5,NORMAL,WARNING,NORMAL,WARNING
242.6,NORMAL,WARNING,NORMAL,WARNING
242.7,NORMAL,WARNING,NORMAL,WARNING
242.8,NORMAL,WARNING,NORMAL,WARNING
242.9,NORMAL,WARNING,NORMAL,WARNING
243.0,NORMAL,WARNING,NORMAL,WARNING
243.1,NORMAL,WARNING,NORMAL,WARNING
243.2,NORMAL,WARNING,NORMAL,WARNING
243.3,NORMAL,WARNING,NORMAL,WARNING
243.4,NORMAL,WARNING,NORMAL,WARNING
243.5,NORMAL,WARNING,NORMAL,WARNING
243.6,NORMAL,WARNING,NORMAL,WARNING
243.7,NORMAL,WARNING,NORMAL,WARNING
243.8,NORMAL,WARNING,NORMAL,WARNING
243.9,NORMAL,WARNING,NORMAL,WARNING
244.0,NORMAL,WARNING,NORMAL,WARNING
244.1,NORMAL,WARNING,NORMAL,WARNING
244.2,NORMAL,WARNING,NORMAL,WARNING
244.3,NORMAL,WARNING,NORMAL,WARNING
244.4,NORMAL,WARNING,NORMAL,WARNING
244.5,NORMAL,WARNING,NORMAL,WARNING
244.6,NORMAL,WARNING,NORMAL,WARNING
244.7,NORMAL,WARNING,NORMAL,WARNING
244.8,NORMAL,WARNING,NORMAL,WARNING
244.9,NORMAL,WARNING,NORMAL,WARNING
245.0,NORMAL,WARNING,NORMAL,WARNING
245.1,NORMAL,WARNING,NORMAL,WARNING
245.2,NORMAL,WARNING,NORMAL,WARNING
245.3,NORMAL,WARNING,NORMAL,WARNING
245.4,NORMAL,WARNING,NORMAL,WARNING
245.5,NORMAL,WARNING,NORMAL,WARNING
245.6,NORMAL,WARNING,NORMAL,WARNING
245.7,NORMAL,WARNING,NORMAL,WARNING
245.8,NORMAL,WARNING,NORMAL,WARNING
245.9,NORMAL,WARNING,NORMAL,WARNING
246.0,NORMAL,WARNING,NORMAL,WARNING
246.1,NORMAL,WARNING,NORMAL,WARNING
246.2,NORMAL,WARNING,NORMAL,WARNING
246.3,NORMAL,WARNING,NORMAL,WARNING
246.4,NORMAL,WARNING,NORMAL,WARNING
246.5,NORMAL,WARNING,NORMAL,WARNING
246.6,NORMAL,WARNING,NORMAL,WARNING
246.7,NORMAL,WARNING,NORMAL,WARNING
246.8,NORMAL,WARNING,NORMAL,WARNING
246.9,NORMAL,WARNING,NORMAL,WARNING
247.0,NORMAL,WARNING,NORMAL,WARNING
247.1,NORMAL,WARNING,NORMAL,WARNING
247.2,NORMAL,WARNING,NORMAL,WARNING
247.3,NORMAL,WARNING,NORMAL,WARNING
247.4,NORMAL,WARNING,NORMAL,WARNING
247.5,NORMAL,WARNING,NORMAL,WARNING
247.6,NORMAL,WARNING,NORMAL,WARNING
247.7,NORMAL,WARNING,NORMAL,WARNING
247.8,NORMAL,WARNING,NORMAL,WARNING
247.9,NORMAL,WARNING,NORMAL,WARNING
248.0,NORMAL,WARNING,NORMAL,WARNING
248.1,NORMAL,WARNING,NORMAL,WARNING
248.2,NORMAL,WARNING,NORMAL,WARNING
248.3,NORMAL,WARNING,NORMAL,WARNING
248.4,NORMAL,WARNING,NORMAL,WARNING
248.5,NORMAL,WARNING,NORMAL,WARNING
248.6,NORMAL,WARNING,NORMAL,WARNING
248.7,NORMAL,WARNING,NORMAL,WARNING
248.8,NORMAL,WARNING,NORMAL,WARNING
248.9,NORMAL,WARNING,NORMAL,WARNING
249.0,NORMAL,WARNING,NORMAL,WARNING
249.1,NORMAL,WARNING,NORMAL,WARNING
249.2,NORMAL,WARNING,NORMAL,WARNING
249.3,NORMAL,WARNING,NORMAL,WARNING
249.4,NORMAL,WARNING,NORMAL,WARNING
249.5,NORMAL,WARNING,NORMAL,WARNING
249.6,NORMAL,WARNING,NORMAL,WARNING
249.7,NORMAL,WARNING,NORMAL,WARNING
249.8,NORMAL,WARNING,NORMAL,WARNING
249.9,NORMAL,WARNING,NORMAL,WARNING
250.0,NORMAL,WARNING,NORMAL,WARNING
250.1,NORMAL,WARNING,NORMAL,WARNING
250.2,NORMAL,WARNING,NORMAL,WARNING
250.3,NORMAL,WARNING,NORMAL,WARNING
250.4,NORMAL,WARNING,NORMAL,WARNING
250.5,NORMAL,WARNING,NORMAL,WARNING
250.6,NORMAL,WARNING,NORMAL,WARNING
250.7,NORMAL,WARNING,NORMAL,WARNING
250.8,NORMAL,WARNING,NORMAL,WARNING
250.9,NORMAL,WARNING,NORMAL,WARNING
251.0,NORMAL,WARNING,NORMAL,WARNING
251.1,NORMAL,WARNING,NORMAL,WARNING
251.2,NORMAL,WARNING,NORMAL,WARNING
251.3,NORMAL,WARNING,NORMAL,WARNING
251.4,NORMAL,WARNING,NORMAL,WARNING
251.5,NORMAL,WARNING,NORMAL,WARNING
251.6,NORMAL,WARNING,NORMAL,WARNING
251.7,NORMAL,WARNING,NORMAL,WARNING
251.8,NORMAL,WARNING,NORMAL,WARNING
251.9,NORMAL,WARNING,NORMAL,WARNING
252.0,NORMAL,WARNING,NORMAL,WARNING
252.1,NORMAL,WARNING,NORMAL,WARNING
252.2,NORMAL,WARNING,NORMAL,WARNING
252.3,NORMAL,WARNING,NORMAL,WARNING
252.4,NORMAL,WARNING,NORMAL,WARNING
252.5,NORMAL,WARNING,NORMAL,WARNING
252.6,NORMAL,WARNING,NORMAL,WARNING
252.7,NORMAL,WARNING,NORMAL,WARNING
252.8,NORMAL,WARNING,NORMAL,WARNING
252.9,NORMAL,WARNING,NORMAL,WARNING
253.0,NORMAL,WARNING,NORMAL,WARNING
253.1,NORMAL,WARNING,NORMAL,WARNING
253.2,NORMAL,WARNING,NORMAL,WARNING
253.3,NORMAL,WARNING,NORMAL,WARNING
253.4,NORMAL,WARNING,NORMAL,WARNING
253.5,NORMAL,WARNING,NORMAL,WARNING
253.6,NORMAL,WARNING,NORMAL,WARNING
253.7,NORMAL,WARNING,NORMAL,WARNING
253.8,NORMAL,WARNING,NORMAL,WARNING
253.9,NORMAL,WARNING,NORMAL,WARNING
254.0,NORMAL,WARNING,NORMAL,WARNING
254.1,NORMAL,WARNING,NORMAL,WARNING
254.2,NORMAL,WARNING,NORMAL,WARNING
254.3,NORMAL,WARNING,NORMAL,WARNING
254.4,NORMAL,WARNING,NORMAL,WARNING
254.5,NORMAL,WARNING,NORMAL,WARNING
254.6,NORMAL,WARNING,NORMAL,WARNING
254.7,NORMAL,WARNING,NORMAL,WARNING
254.8,NORMAL,WARNING,NORMAL,WARNING
254.9,NORMAL,WARNING,NORMAL,WARNING
255.0,NORMAL,WARNING,NORMAL,WARNING
255.1,NORMAL,WARNING,NORMAL,WARNING
255.2,NORMAL,WARNING,NORMAL,WARNING
255.3,NORMAL,WARNING,NORMAL,WARNING
255.4,NORMAL,WARNING,NORMAL,WARNING
255.5,NORMAL,WARNING,NORMAL,WARNING
255.6,NORMAL,WARNING,NORMAL,WARNING
255.7,NORMAL,WARNING,NORMAL,WARNING
255.8,NORMAL,WARNING,NORMAL,WARNING
255.9,NORMAL,WARNING,NORMAL,WARNING
256.0,NORMAL,WARNING,NORMAL,WARNING
256.1,NORMAL,WARNING,NORMAL,WARNING
256.2,NORMAL,WARNING,NORMAL,WARNING
256.3,NORMAL,WARNING,NORMAL,WARNING
256.4,NORMAL,WARNING,NORMAL,WARNING
256.5,NORMAL,WARNING,NORMAL,WARNING
256.6,NORMAL,WARNING,NORMAL,WARNING
256.7,NORMAL,WARNING,NORMAL,WARNING
256.8,NORMAL,WARNING,NORMAL,WARNING
256.9,NORMAL,WARNING,NORMAL,WARNING
257.0,NORMAL,WARNING,NORMAL,WARNING
257.1,NORMAL,WARNING,NORMAL,WARNING
257.2,NORMAL,WARNING,NORMAL,WARNING
257.3,NORMAL,WARNING,NORMAL,WARNING
257.4,NORMAL,WARNING,NORMAL,WARNING
257.5,NORMAL,WARNING,NORMAL,WARNING
257.6,NORMAL,WARNING,NORMAL,WARNING
257.7,NORMAL,WARNING,NORMAL,WARNING
257.8,NORMAL,WARNING,NORMAL,WARNING
257.9,NORMAL,WARNING,NORMAL,WARNING
258.0,NORMAL,WARNING,NORMAL,WARNING
258.1,NORMAL,WARNING,NORMAL,WARNING
258.2,NORMAL,WARNING,NORMAL,WARNING
258.3,NORMAL,WARNING,NORMAL,WARNING
258.4,NORMAL,WARNING,NORMAL,WARNING
258.5,NORMAL,WARNING,NORMAL,WARNING
258.6,NORMAL,WARNING,NORMAL,WARNING
258.7,NORMAL,WARNING,NORMAL,WARNING
258.8,NORMAL,WARNING,NORMAL,WARNING
258.9,NORMAL,WARNING,NORMAL,WARNING
259.0,NORMAL,WARNING,NORMAL,WARNING
259.1,NORMAL,WARNING,NORMAL,WARNING
259.2,NORMAL,WARNING,NORMAL,WARNING
259.3,NORMAL,WARNING,NORMAL,WARNING
259.4,NORMAL,WARNING,NORMAL,WARNING
259.5,NORMAL,WARNING,NORMAL,WARNING
259.6,NORMAL,WARNING,NORMAL,WARNING
259.7,NORMAL,WARNING,NORMAL,WARNING
259.8,NORMAL,WARNING,NORMAL,WARNING
259.9,NORMAL,WARNING,NORMAL,WARNING
260.0,NORMAL,WARNING,NORMAL,WARNING
260.1,NORMAL,WARNING,NORMAL,NORMAL
260.2,NORMAL,WARNING,NORMAL,NORMAL
260.3,NORMAL,WARNING,NORMAL,NORMAL
260.4,NORMAL,WARNING,NORMAL,NORMAL
260.5,NORMAL,WARNING,NORMAL,NORMAL
260.6,NORMAL,WARNING,NORMAL,NORMAL
260.7,NORMAL,WARNING,NORMAL,NORMAL
260.8,NORMAL,WARNING,NORMAL,NORMAL
260.9,NORMAL,WARNING,NORMAL,NORMAL
261.0,NORMAL,WARNING,NORMAL,NORMAL
261.1,NORMAL,WARNING,NORMAL,NORMAL
261.2,NORMAL,WARNING,NORMAL,NORMAL
261.3,NORMAL,WARNING,NORMAL,NORMAL
261.4,NORMAL,WARNING,NORMAL,NORMAL
261.5,NORMAL,WARNING,NORMAL,NORMAL
261.6,NORMAL,WARNING,NORMAL,NORMAL
261.7,NORMAL,WARNING,NORMAL,NORMAL
261.8,NORMAL,WARNING,NORMAL,NORMAL
261.9,NORMAL,WARNING,NORMAL,NORMAL
262.0,NORMAL,WARNING,NORMAL,NORMAL
262.1,NORMAL,WARNING,NORMAL,NORMAL
262.2,NORMAL,WARNING,NORMAL,NORMAL
262.3,NORMAL,WARNING,NORMAL,NORMAL
262.4,NORMAL,WARNING,NORMAL,NORMAL
262.5,NORMAL,WARNING,NORMAL,NORMAL
262.6,NORMAL,WARNING,NORMAL,NORMAL
262.7,NORMAL,WARNING,NORMAL,NORMAL
262.8,NORMAL,WARNING,NORMAL,NORMAL
262.9,NORMAL,WARNING,NORMAL,NORMAL
263.0,NORMAL,WARNING,NORMAL,NORMAL
263.1,NORMAL,WARNING,NORMAL,NORMAL
263.2,NORMAL,WARNING,NORMAL,NORMAL
263.3,NORMAL,WARNING,NORMAL,NORMAL
263.4,NORMAL,WARNING,NORMAL,NORMAL
263.5,NORMAL,WARNING,NORMAL,NORMAL
263.6,NORMAL,WARNING,NORMAL,NORMAL
263.7,NORMAL,WARNING,NORMAL,NORMAL
263.8,NORMAL,WARNING,NORMAL,NORMAL
263.9,NORMAL,WARNING,NORMAL,NORMAL
264.0,NORMAL,WARNING,NORMAL,NORMAL
264.1,NORMAL,WARNING,NORMAL,NORMAL
264.2,NORMAL,WARNING,NORMAL,NORMAL
264.3,NORMAL,WARNING,NORMAL,NORMAL
264.4,NORMAL,WARNING,NORMAL,NORMAL
264.5,NORMAL,WARNING,NORMAL,NORMAL
264.6,NORMAL,WARNING,NORMAL,NORMAL
264.7,NORMAL,NORMAL,NORMAL,NORMAL
264.8,NORMAL,NORMAL,NORMAL,NORMAL
264.9,NORMAL,NORMAL,NORMAL,NORMAL
265.0,NORMAL,NORMAL,NORMAL,NORMAL
265.1,NORMAL,NORMAL,NORMAL,NORMAL
265.2,NORMAL,NORMAL,NORMAL,NORMAL
265.3,NORMAL,NORMAL,NORMAL,NORMAL
265.4,NORMAL,NORMAL,NORMAL,NORMAL
265.5,NORMAL,NORMAL,NORMAL,NORMAL
265.6,NORMAL,NORMAL,NORMAL,NORMAL
265.7,NORMAL,NORMAL,NORMAL,NORMAL
265.8,NORMAL,NORMAL,NORMAL,NORMAL
265.9,NORMAL,NORMAL,NORMAL,NORMAL
266.0,NORMAL,NORMAL,NORMAL,NORMAL
266.1,NORMAL,NORMAL,NORMAL,NORMAL
266.2,NORMAL,NORMAL,NORMAL,NORMAL
266.3,NORMAL,NORMAL,NORMAL,NORMAL
266.4,NORMAL,NORMAL,NORMAL,NORMAL
266.5,NORMAL,NORMAL,NORMAL,NORMAL
266.6,NORMAL,NORMAL,NORMAL,NORMAL
266.7,NORMAL,NORMAL,NORMAL,NORMAL
266.8,NORMAL,NORMAL,NORMAL,NORMAL
266.9,NORMAL,NORMAL,NORMAL,NORMAL
267.0,NORMAL,NORMAL,NORMAL,NORMAL
267.1,NORMAL,NORMAL,NORMAL,NORMAL
267.2,NORMAL,NORMAL,NORMAL,NORMAL
267.3,NORMAL,NORMAL,NORMAL,NORMAL
267.4,NORMAL,NORMAL,NORMAL,NORMAL
267.5,NORMAL,NORMAL,NORMAL,NORMAL
267.6,NORMAL,NORMAL,NORMAL,NORMAL
267.7,NORMAL,NORMAL,NORMAL,NORMAL
267.8,NORMAL,NORMAL,NORMAL,NORMAL
267.9,NORMAL,NORMAL,NORMAL,NORMAL
268.0,NORMAL,NORMAL,NORMAL,NORMAL
268.1,NORMAL,NORMAL,NORMAL,NORMAL
268.2,NORMAL,NORMAL,NORMAL,NORMAL
268.3,NORMAL,NORMAL,NORMAL,NORMAL
268.4,NORMAL,NORMAL,NORMAL,NORMAL
268.5,NORMAL,NORMAL,NORMAL,NORMAL
268.6,NORMAL,NORMAL,NORMAL,NORMAL
268.7,NORMAL,NORMAL,NORMAL,NORMAL
268.8,NORMAL,NORMAL,NORMAL,NORMAL
268.9,NORMAL,NORMAL,NORMAL,NORMAL
269.0,NORMAL,NORMAL,NORMAL,NORMAL
269.1,NORMAL,NORMAL,NORMAL,NORMAL
269.2,NORMAL,NORMAL,NORMAL,NORMAL
269.3,NORMAL,NORMAL,NORMAL,NORMAL
269.4,NORMAL,NORMAL,NORMAL,NORMAL
269.5,NORMAL,NORMAL,NORMAL,NORMAL
269.6,NORMAL,NORMAL,NORMAL,NORMAL
269.7,NORMAL,NORMAL,NORMAL,NORMAL
269.8,NORMAL,NORMAL,NORMAL,NORMAL
269.9,NORMAL,NORMAL,NORMAL,NORMAL
270.0,NORMAL,NORMAL,NORMAL,NORMAL
270.1,NORMAL,NORMAL,NORMAL,NORMAL
270.2,NORMAL,NORMAL,NORMAL,NORMAL
270.3,NORMAL,NORMAL,NORMAL,NORMAL
270.4,NORMAL,NORMAL,NORMAL,NORMAL
270.5,NORMAL,NORMAL,NORMAL,NORMAL
270.6,NORMAL,NORMAL,NORMAL,NORMAL
270.7,NORMAL,NORMAL,NORMAL,NORMAL
270.8,NORMAL,NORMAL,NORMAL,NORMAL
270.9,NORMAL,NORMAL,NORMAL,NORMAL
271.0,NORMAL,NORMAL,NORMAL,NORMAL
271.1,NORMAL,NORMAL,NORMAL,NORMAL
271.2,NORMAL,NORMAL,NORMAL,NORMAL
271.3,NORMAL,NORMAL,NORMAL,NORMAL
271.4,NORMAL,NORMAL,NORMAL,NORMAL
271.5,NORMAL,NORMAL,NORMAL,NORMAL
271.6,NORMAL,NORMAL,NORMAL,NORMAL
271.7,NORMAL,NORMAL,NORMAL,NORMAL
271.8,NORMAL,NORMAL,NORMAL,NORMAL
271.9,NORMAL,NORMAL,NORMAL,NORMAL
272.0,NORMAL,NORMAL,NORMAL,NORMAL
272.1,NORMAL,NORMAL,NORMAL,NORMAL
272.2,NORMAL,NORMAL,NORMAL,NORMAL
272.3,NORMAL,NORMAL,NORMAL,NORMAL
272.4,NORMAL,NORMAL,NORMAL,NORMAL
272.5,NORMAL,NORMAL,NORMAL,NORMAL
272.6,NORMAL,NORMAL,NORMAL,NORMAL
272.7,NORMAL,NORMAL,NORMAL,NORMAL
272.8,NORMAL,NORMAL,NORMAL,NORMAL
272.9,NORMAL,NORMAL,NORMAL,NORMAL
273.0,NORMAL,NORMAL,NORMAL,NORMAL
273.1,NORMAL,NORMAL,NORMAL,NORMAL
273.2,NORMAL,NORMAL,NORMAL,NORMAL
273.3,NORMAL,NORMAL,NORMAL,NORMAL
273.4,NORMAL,NORMAL,NORMAL,NORMAL
273.5,NORMAL,NORMAL,NORMAL,NORMAL
273.6,NORMAL,NORMAL,NORMAL,NORMAL
273.7,NORMAL,NORMAL,NORMAL,NORMAL
273.8,NORMAL,NORMAL,NORMAL,NORMAL
273.9,NORMAL,NORMAL,NORMAL,NORMAL
274.0,NORMAL,NORMAL,NORMAL,NORMAL
274.1,NORMAL,NORMAL,NORMAL,NORMAL
274.2,NORMAL,NORMAL,NORMAL,NORMAL
274.3,NORMAL,NORMAL,NORMAL,NORMAL
274.4,NORMAL,NORMAL,NORMAL,NORMAL
274.5,NORMAL,NORMAL,NORMAL,NORMAL
274.6,NORMAL,NORMAL,NORMAL,NORMAL
274.7,NORMAL,NORMAL,NORMAL,NORMAL
274.8,NORMAL,NORMAL,NORMAL,NORMAL
274.9,NORMAL,NORMAL,NORMAL,NORMAL
275.0,NORMAL,NORMAL,NORMAL,NORMAL
275.1,NORMAL,NORMAL,NORMAL,NORMAL
275.2,NORMAL,NORMAL,NORMAL,NORMAL
275.3,NORMAL,NORMAL,NORMAL,NORMAL
275.4,NORMAL,NORMAL,NORMAL,NORMAL
275.5,NORMAL,NORMAL,NORMAL,NORMAL
275.6,NORMAL,NORMAL,NORMAL,NORMAL
275.7,NORMAL,NORMAL,NORMAL,NORMAL
275.8,NORMAL,NORMAL,NORMAL,NORMAL
275.9,NORMAL,NORMAL,NORMAL,NORMAL
276.0,NORMAL,NORMAL,NORMAL,NORMAL
276.1,NORMAL,NORMAL,NORMAL,NORMAL
276.2,NORMAL,NORMAL,NORMAL,NORMAL
276.3,NORMAL,NORMAL,NORMAL,NORMAL
276.4,NORMAL,NORMAL,NORMAL,NORMAL
276.5,NORMAL,NORMAL,NORMAL,NORMAL
276.6,NORMAL,NORMAL,NORMAL,NORMAL
276.7,NORMAL,NORMAL,NORMAL,NORMAL
276.8,NORMAL,NORMAL,NORMAL,NORMAL
276.9,NORMAL,NORMAL,NORMAL,NORMAL
277.0,NORMAL,NORMAL,NORMAL,NORMAL
277.1,NORMAL,NORMAL,NORMAL,NORMAL
277.2,NORMAL,NORMAL,NORMAL,NORMAL
277.3,NORMAL,NORMAL,NORMAL,NORMAL
277.4,NORMAL,NORMAL,NORMAL,NORMAL
277.5,NORMAL,NORMAL,NORMAL,NORMAL
277.6,NORMAL,NORMAL,NORMAL,NORMAL
277.7,NORMAL,NORMAL,NORMAL,NORMAL
277.8,NORMAL,NORMAL,NORMAL,NORMAL
277.9,NORMAL,NORMAL,NORMAL,NORMAL
278.0,NORMAL,NORMAL,NORMAL,NORMAL
278.1,NORMAL,NORMAL,NORMAL,NORMAL
278.2,NORMAL,NORMAL,NORMAL,NORMAL
278.3,NORMAL,NORMAL,NORMAL,NORMAL
278.4,NORMAL,NORMAL,NORMAL,NORMAL
278.5,NORMAL,NORMAL,NORMAL,NORMAL
278.6,NORMAL,NORMAL,NORMAL,NORMAL
278.7,NORMAL,NORMAL,NORMAL,NORMAL
278.8,NORMAL,NORMAL,NORMAL,NORMAL
278.9,NORMAL,NORMAL,NORMAL,NORMAL
279.0,NORMAL,NORMAL,NORMAL,NORMAL
279.1,NORMAL,NORMAL,NORMAL,NORMAL
279.2,NORMAL,NORMAL,NORMAL,NORMAL
279.3,NORMAL,NORMAL,NORMAL,NORMAL
279.4,NORMAL,NORMAL,NORMAL,NORMAL
279.5,NORMAL,NORMAL,NORMAL,NORMAL
279.6,NORMAL,NORMAL,NORMAL,NORMAL
279.7,NORMAL,NORMAL,NORMAL,NORMAL
279.8,NORMAL,NORMAL,NORMAL,NORMAL
279.9,NORMAL,NORMAL,NORMAL,NORMAL
280.0,NORMAL,NORMAL,NORMAL,NORMAL
280.1,NORMAL,NORMAL,NORMAL,NORMAL
280.2,NORMAL,NORMAL,NORMAL,NORMAL
280.3,NORMAL,NORMAL,NORMAL,NORMAL
280.4,NORMAL,NORMAL,NORMAL,NORMAL
280.5,NORMAL,NORMAL,NORMAL,NORMAL
280.6,NORMAL,NORMAL,NORMAL,NORMAL
280.7,NORMAL,NORMAL,NORMAL,NORMAL
280.8,NORMAL,NORMAL,NORMAL,NORMAL
280.9,NORMAL,NORMAL,NORMAL,NORMAL
281.0,NORMAL,NORMAL,NORMAL,NORMAL
281.1,NORMAL,NORMAL,NORMAL,NORMAL
281.2,NORMAL,NORMAL,NORMAL,NORMAL
281.3,NORMAL,NORMAL,NORMAL,NORMAL
281.4,NORMAL,NORMAL,NORMAL,NORMAL
281.5,NORMAL,NORMAL,NORMAL,NORMAL
281.6,NORMAL,NORMAL,NORMAL,NORMAL
281.7,NORMAL,NORMAL,NORMAL,NORMAL
281.8,NORMAL,NORMAL,NORMAL,NORMAL
281.9,NORMAL,NORMAL,NORMAL,NORMAL
282.0,NORMAL,NORMAL,NORMAL,NORMAL
282.1,NORMAL,NORMAL,NORMAL,NORMAL
282.2,NORMAL,NORMAL,NORMAL,NORMAL
282.3,NORMAL,NORMAL,NORMAL,NORMAL
282.4,NORMAL,NORMAL,NORMAL,NORMAL
282.5,NORMAL,NORMAL,NORMAL,NORMAL
282.6,NORMAL,NORMAL,NORMAL,NORMAL
282.7,NORMAL,NORMAL,NORMAL,NORMAL
282.8,NORMAL,NORMAL,NORMAL,NORMAL
282.9,NORMAL,NORMAL,NORMAL,NORMAL
283.0,NORMAL,NORMAL,NORMAL,NORMAL
283.1,NORMAL,NORMAL,NORMAL,NORMAL
283.2,NORMAL,NORMAL,NORMAL,NORMAL
283.3,NORMAL,NORMAL,NORMAL,NORMAL
283.4,NORMAL,NORMAL,NORMAL,NORMAL
283.5,NORMAL,NORMAL,NORMAL,NORMAL
283.6,NORMAL,NORMAL,NORMAL,NORMAL
283.7,NORMAL,NORMAL,NORMAL,NORMAL
283.8,NORMAL,NORMAL,NORMAL,NORMAL
283.9,NORMAL,NORMAL,NORMAL,NORMAL
284.0,NORMAL,NORMAL,NORMAL,NORMAL
284.1,NORMAL,NORMAL,NORMAL,NORMAL
284.2,NORMAL,NORMAL,NORMAL,NORMAL
284.3,NORMAL,NORMAL,NORMAL,NORMAL
284.4,NORMAL,NORMAL,NORMAL,NORMAL
284.5,NORMAL,NORMAL,NORMAL,NORMAL
284.6,NORMAL,NORMAL,NORMAL,NORMAL
284.7,NORMAL,NORMAL,NORMAL,NORMAL
284.8,NORMAL,NORMAL,NORMAL,NORMAL
284.9,NORMAL,NORMAL,NORMAL,NORMAL
285.0,NORMAL,NORMAL,NORMAL,NORMAL
285.1,NORMAL,NORMAL,NORMAL,NORMAL
285.2,NORMAL,NORMAL,NORMAL,NORMAL
285.3,NORMAL,NORMAL,NORMAL,NORMAL
285.4,NORMAL,NORMAL,NORMAL,NORMAL
285.5,NORMAL,NORMAL,NORMAL,NORMAL
285.6,NORMAL,NORMAL,NORMAL,NORMAL
285.7,NORMAL,NORMAL,NORMAL,NORMAL
285.8,NORMAL,NORMAL,NORMAL,NORMAL
285.9,NORMAL,NORMAL,NORMAL,NORMAL
286.0,NORMAL,NORMAL,NORMAL,NORMAL
286.1,NORMAL,NORMAL,NORMAL,NORMAL
286.2,NORMAL,NORMAL,NORMAL,NORMAL
286.3,NORMAL,NORMAL,NORMAL,NORMAL
286.4,NORMAL,NORMAL,NORMAL,NORMAL
286.5,NORMAL,NORMAL,NORMAL,NORMAL
286.6,NORMAL,NORMAL,NORMAL,NORMAL
286.7,NORMAL,NORMAL,NORMAL,NORMAL
286.8,NORMAL,NORMAL,NORMAL,NORMAL
286.9,NORMAL,NORMAL,NORMAL,NORMAL
287.0,NORMAL,NORMAL,NORMAL,NORMAL
287.1,NORMAL,NORMAL,NORMAL,NORMAL
287.2,NORMAL,NORMAL,NORMAL,NORMAL
287.3,NORMAL,NORMAL,NORMAL,NORMAL
287.4,NORMAL,NORMAL,NORMAL,NORMAL
287.5,NORMAL,NORMAL,NORMAL,NORMAL
287.6,NORMAL,NORMAL,NORMAL,NORMAL
287.7,NORMAL,NORMAL,NORMAL,NORMAL
287.8,NORMAL,NORMAL,NORMAL,NORMAL
287.9,NORMAL,NORMAL,NORMAL,NORMAL
288.0,NORMAL,NORMAL,NORMAL,NORMAL
288.1,NORMAL,NORMAL,NORMAL,NORMAL
288.2,NORMAL,NORMAL,NORMAL,NORMAL
288.3,NORMAL,NORMAL,NORMAL,NORMAL
288.4,NORMAL,NORMAL,NORMAL,NORMAL
288.5,NORMAL,NORMAL,NORMAL,NORMAL
288.6,NORMAL,NORMAL,NORMAL,NORMAL
288.7,NORMAL,NORMAL,NORMAL,NORMAL
288.8,NORMAL,NORMAL,NORMAL,NORMAL
288.9,NORMAL,NORMAL,NORMAL,NORMAL
289.0,NORMAL,NORMAL,NORMAL,NORMAL
289.1,NORMAL,NORMAL,NORMAL,NORMAL
289.2,NORMAL,NORMAL,NORMAL,NORMAL
289.3,NORMAL,NORMAL,NORMAL,NORMAL
289.4,NORMAL,NORMAL,NORMAL,NORMAL
289.5,NORMAL,NORMAL,NORMAL,NORMAL
289.6,NORMAL,NORMAL,NORMAL,NORMAL
289.7,NORMAL,NORMAL,NORMAL,NORMAL
289.8,NORMAL,NORMAL,NORMAL,NORMAL
289.9,NORMAL,NORMAL,NORMAL,NORMAL
290.0,NORMAL,NORMAL,NORMAL,NORMAL
290.1,NORMAL,NORMAL,NORMAL,NORMAL
290.2,NORMAL,NORMAL,NORMAL,NORMAL
290.3,NORMAL,NORMAL,NORMAL,NORMAL
290.4,NORMAL,NORMAL,NORMAL,NORMAL
290.5,NORMAL,NORMAL,NORMAL,NORMAL
290.6,NORMAL,NORMAL,NORMAL,NORMAL
290.7,NORMAL,NORMAL,NORMAL,NORMAL
290.8,NORMAL,NORMAL,NORMAL,NORMAL
290.9,NORMAL,NORMAL,NORMAL,NORMAL
291.0,NORMAL,NORMAL,NORMAL,NORMAL
291.1,NORMAL,NORMAL,NORMAL,NORMAL
291.2,NORMAL,NORMAL,NORMAL,NORMAL
291.3,NORMAL,NORMAL,NORMAL,NORMAL
291.4,NORMAL,NORMAL,NORMAL,NORMAL
291.5,NORMAL,NORMAL,NORMAL,NORMAL
291.6,NORMAL,NORMAL,NORMAL,NORMAL
291.7,NORMAL,NORMAL,NORMAL,NORMAL
291.8,NORMAL,NORMAL,NORMAL,NORMAL
291.9,NORMAL,NORMAL,NORMAL,NORMAL
292.0,NORMAL,NORMAL,NORMAL,NORMAL
292.1,NORMAL,NORMAL,NORMAL,NORMAL
292.2,NORMAL,NORMAL,NORMAL,NORMAL
292.3,NORMAL,NORMAL,NORMAL,NORMAL
292.4,NORMAL,NORMAL,NORMAL,NORMAL
292.5,NORMAL,NORMAL,NORMAL,NORMAL
292.6,NORMAL,NORMAL,NORMAL,NORMAL
292.7,NORMAL,NORMAL,NORMAL,NORMAL
292.8,NORMAL,NORMAL,NORMAL,NORMAL
292.9,NORMAL,NORMAL,NORMAL,NORMAL
293.0,NORMAL,NORMAL,NORMAL,NORMAL
293.1,NORMAL,NORMAL,NORMAL,NORMAL
293.2,NORMAL,NORMAL,NORMAL,NORMAL
293.3,NORMAL,NORMAL,NORMAL,NORMAL
293.4,NORMAL,NORMAL,NORMAL,NORMAL
293.5,NORMAL,NORMAL,NORMAL,NORMAL
293.6,NORMAL,NORMAL,NORMAL,NORMAL
293.7,NORMAL,NORMAL,NORMAL,NORMAL
293.8,NORMAL,NORMAL,NORMAL,NORMAL
293.9,NORMAL,NORMAL,NORMAL,NORMAL
294.0,NORMAL,NORMAL,NORMAL,NORMAL
294.1,NORMAL,NORMAL,NORMAL,NORMAL
294.2,NORMAL,NORMAL,NORMAL,NORMAL
294.3,NORMAL,NORMAL,NORMAL,NORMAL
294.4,NORMAL,NORMAL,NORMAL,NORMAL
294.5,NORMAL,NORMAL,NORMAL,NORMAL
294.6,NORMAL,NORMAL,NORMAL,NORMAL
294.7,NORMAL,NORMAL,NORMAL,NORMAL
294.8,NORMAL,NORMAL,NORMAL,NORMAL
294.9,NORMAL,NORMAL,NORMAL,NORMAL
295.0,NORMAL,NORMAL,NORMAL,NORMAL
295.1,NORMAL,NORMAL,NORMAL,NORMAL
295.2,NORMAL,NORMAL,NORMAL,NORMAL
295.3,NORMAL,NORMAL,NORMAL,NORMAL
295.4,NORMAL,NORMAL,NORMAL,NORMAL
295.5,NORMAL,NORMAL,NORMAL,NORMAL
295.6,NORMAL,NORMAL,NORMAL,NORMAL
295.7,NORMAL,NORMAL,NORMAL,NORMAL
295.8,NORMAL,NORMAL,NORMAL,NORMAL
295.9,NORMAL,NORMAL,NORMAL,NORMAL
296.0,NORMAL,NORMAL,NORMAL,NORMAL
296.1,NORMAL,NORMAL,NORMAL,NORMAL
296.2,NORMAL,NORMAL,NORMAL,NORMAL
296.3,NORMAL,NORMAL,NORMAL,NORMAL
296.4,NORMAL,NORMAL,NORMAL,NORMAL
296.5,NORMAL,NORMAL,NORMAL,NORMAL
296.6,NORMAL,NORMAL,NORMAL,NORMAL
296.7,NORMAL,NORMAL,NORMAL,NORMAL
296.8,NORMAL,NORMAL,NORMAL,NORMAL
296.9,NORMAL,NORMAL,NORMAL,NORMAL
297.0,NORMAL,NORMAL,NORMAL,NORMAL
297.1,NORMAL,NORMAL,NORMAL,NORMAL
297.2,NORMAL,NORMAL,NORMAL,NORMAL
297.3,NORMAL,NORMAL,NORMAL,NORMAL
297.4,NORMAL,NORMAL,NORMAL,NORMAL
297.5,NORMAL,NORMAL,NORMAL,NORMAL
297.6,NORMAL,NORMAL,NORMAL,NORMAL
297.7,NORMAL,NORMAL,NORMAL,NORMAL
297.8,NORMAL,NORMAL,NORMAL,NORMAL
297.9,NORMAL,NORMAL,NORMAL,NORMAL
298.0,NORMAL,NORMAL,NORMAL,NORMAL
298.1,NORMAL,NORMAL,NORMAL,NORMAL
298.2,NORMAL,NORMAL,NORMAL,NORMAL
298.3,NORMAL,NORMAL,NORMAL,NORMAL
298.4,NORMAL,NORMAL,NORMAL,NORMAL
298.5,NORMAL,NORMAL,NORMAL,NORMAL
298.6,NORMAL,NORMAL,NORMAL,NORMAL
298.7,NORMAL,NORMAL,NORMAL,NORMAL
298.8,NORMAL,NORMAL,NORMAL,NORMAL
298.9,NORMAL,NORMAL,NORMAL,NORMAL
299.0,NORMAL,NORMAL,NORMAL,NORMAL
299.1,NORMAL,NORMAL,NORMAL,NORMAL
299.2,NORMAL,NORMAL,NORMAL,NORMAL
299.3,NORMAL,NORMAL,NORMAL,NORMAL
299.4,NORMAL,NORMAL,NORMAL,NORMAL
299.5,NORMAL,NORMAL,NORMAL,NORMAL
299.6,NORMAL,NORMAL,NORMAL,NORMAL
299.7,NORMAL,NORMAL,NORMAL,NORMAL
299.8,NORMAL,NORMAL,NORMAL,NORMAL
299.9,NORMAL,NORMAL,NORMAL,NORMAL
